X,Y,class
1.1026014130013186,5.127108011625122,1.0
-0.7767552776785601,2.591605286219869,0.0
-0.5842759871825287,2.4959557160685897,1.0
-0.7182856615813986,0.5652618066350273,0.0
1.9831053126033313,4.545387385716815,1.0
2.470839593823973,1.1068150039509133,1.0
-0.4018502295628701,0.3535829785914794,0.0
1.6636230503941527,3.8099884341851142,1.0
0.5980152778133156,1.4921949531087817,0.0
0.7469877248078725,1.2763814274702194,1.0
-2.811127502016817,1.9160883537359348,0.0
-0.49313191393789846,3.2314775821858928,1.0
0.5783452442937619,1.9997160681168196,1.0
-2.439481526792852,0.1319134822453697,0.0
0.4051829410722223,-0.559268797010618,0.0
-1.2054905325448595,-0.20488529002092826,0.0
-0.6455055108903484,0.6707404010072787,0.0
-2.2616915773985795,-1.7408135431603695,0.0
-0.09558377875280932,4.2114256715558644,1.0
1.5609996686901844,2.9386193235794833,1.0
0.5631772686117933,1.0870250165730238,0.0
3.0205896796052563,2.5504597617250906,1.0
1.6291266213006408,3.4984978356202863,1.0
1.3614789850101634,1.0150874578220859,1.0
-0.1771415641157239,4.921036552817592,1.0
-0.5547001476470941,-0.9689432225146426,0.0
3.5592980804393086,1.585579845009942,1.0
-3.731049870870625,0.5472510061832384,0.0
-2.1422882841863857,0.15738704092163472,0.0
-2.2030142106208266,0.4739120390510846,0.0
-3.44749779461013,-1.2148649340152033,0.0
-0.6284484314381954,0.42763145878245656,0.0
-1.0042753366090684,0.1728916321339735,0.0
-0.3241829553418265,-0.46453137731367655,0.0
2.6704668846031834,2.0322477812126336,1.0
-1.3918179207778698,-0.6566049222941792,0.0
2.526826069416452,2.7678868367874108,1.0
1.0067415557359225,3.458954711219043,1.0
1.442207245862178,2.1992027634380618,1.0
-0.7382252599992281,-0.7101806730987714,0.0
-3.5489885997195847,-1.3121943669656768,0.0
1.5362535629148333,2.3495288604355684,1.0
0.10843093731450426,1.7470078598086571,0.0
-2.2767179057371467,-0.4783458064545473,0.0
-0.5725087380522373,2.7669976143918764,1.0
-4.228186439866895,0.9724541893591778,0.0
-3.3845513878424542,-1.4506275937067354,0.0
-0.2575630080139618,-0.15638875451452325,0.0
-2.2870457331170533,0.8355834178706325,0.0
2.826301714791315,0.8957232147697942,1.0
3.194593220683557,1.7416829333823591,1.0
-3.345016963326551,-0.9803643337380554,0.0
0.984856429722393,2.398474190588154,1.0
-2.8216076464736815,0.497441687059225,0.0
-0.3323299261408468,-0.5945770920578014,0.0
1.58652213551513,2.4274494231891692,1.0
-0.047053187641062255,1.1866043632205692,1.0
1.2394950496381147,2.670449208416318,1.0
2.9163933324156837,3.5532820030181145,1.0
-0.06407175194318637,1.8446413591583963,0.0
-0.7970713045118483,0.3262505760587966,1.0
-0.7964192083380606,0.8199666951410585,0.0
3.8441641546078884,2.2341935768032886,1.0
-1.1884009513618892,4.586045071111765,1.0
0.9009132400034288,3.2761376889917653,1.0
-0.031044308197654802,3.2988264764879704,1.0
-0.9349502705556332,-0.29368215046026686,0.0
3.1644682067727414,0.8240560700742523,1.0
-1.006681527566055,-1.9271318177939478,0.0
0.18945051547681357,3.691875453566277,1.0
0.9756671637776537,1.470937602761289,1.0
-2.265284910599796,1.4500216368995393,0.0
0.14304225117405345,2.848498681129562,1.0
1.970967093682063,3.0248694938179277,1.0
0.27640102003142575,0.9031985520389367,0.0
-1.3610030323609266,0.7713916235199298,0.0
0.21339225360114877,2.5635225911148827,1.0
-1.7314449353683048,-0.4608656156348074,0.0
-2.118166984352231,0.5493665686938136,0.0
1.6365410052698177,3.0812379571828274,1.0
-1.3964272430986715,-1.7394000049364877,0.0
-0.5078982776935045,0.42371973805740926,0.0
0.4216069186683752,2.624123676543039,1.0
2.394188843178075,1.536670855210493,1.0
1.5997409755972982,3.8620931650777273,1.0
0.38729898009164776,1.2462725831727566,1.0
2.989425247791224,2.8018443933531505,1.0
-1.8923554502114235,0.04797605675240124,0.0
-2.030377780959301,-1.0684380703881897,0.0
1.945456060494326,0.8218715593495234,1.0
0.7889526603139125,1.5047400458052425,1.0
0.43494321847111006,1.8182030320299953,1.0
-4.743575131119838,-0.5048896626782924,0.0
-2.1129346836390885,-1.3699811634207022,0.0
0.06351488183675924,2.9136294633546544,1.0
0.7095316523513602,3.9465174752860452,1.0
-0.5199254808465154,-0.44283176236204536,0.0
2.1265612796678033,2.160831681909985,1.0
-0.3047366728939065,2.15167493519012,1.0
1.0716378824338004,2.610083848647145,1.0
-2.510980161433231,-0.6536075954590346,0.0
-2.3834295220158523,-0.2588706262778753,0.0
-0.9400362825198512,1.0185399047418515,0.0
1.003178597982363,3.5597372285486513,1.0
-5.554872218930344,-1.9575495609559794,0.0
-3.9358902490456913,-0.44178122939616427,0.0
-0.6226726532347763,0.1884394310718239,0.0
-0.3490691311217673,-0.5050573845152234,0.0
-2.2110291908520363,-0.25618555554195344,0.0
-0.7697516115430472,0.08292054920888833,0.0
-2.8864601475381226,-1.9057411726696794,0.0
-1.5243171057714433,4.61643319370999,1.0
1.4514816370069967,-0.4267682055318516,1.0
1.4881287487830956,1.1741537363007244,1.0
-1.1430190384587477,2.4335864417934907,0.0
-2.1248461819948656,-1.6281783650552017,0.0
-0.3293670703200817,4.408652872388276,1.0
-1.6293842499815,-0.37295978612254976,0.0
0.2691715700858288,1.9279706073215837,0.0
-0.9462169281229216,2.837374112464964,1.0
1.0667128404859942,3.628309276772324,1.0
1.2202654320243067,3.0461261806394444,1.0
1.9243392325873803,2.6130359775745116,1.0
-0.9544871386828641,0.22633448551490573,0.0
-2.476996561896445,-0.40537079096434947,0.0
1.5777122081938013,3.074445435502126,1.0
-3.017415093998717,-1.5037175403781737,0.0
-0.5824593642428021,0.7329232324854554,0.0
0.886480691767447,1.8097786788064534,1.0
-0.6204740965752121,-1.7413895295750996,0.0
0.2647081863869428,2.3240036617921587,1.0
3.8873122184233138,1.036822713231857,1.0
-0.177983060994636,2.424873596333148,0.0
-1.6136860153504924,-0.8005525923972426,0.0
-0.031042435637621768,-0.3157202154744018,0.0
0.7034996010893462,2.8591051421636418,1.0
1.1580578560854904,2.514156327612126,1.0
2.6415361202508865,2.283697714667287,1.0
-1.7421418708121534,4.4537070342065,1.0
3.5980146134192816,1.2058836991592528,1.0
-0.016888051463238574,4.629278402091482,1.0
-0.8288888767638405,-1.1604977904592,0.0
-0.3158760133105676,4.687807152201593,1.0
-0.7682764902977337,1.7364253445557922,0.0
4.194732927535846,2.5508090874824756,1.0
-0.33566852058143215,-2.995649300810081,0.0
-2.785826233275018,-0.6265017442404418,0.0
0.9319406303854305,1.872362259259111,1.0
-2.40258064947879,0.037142443894441136,0.0
-0.18744422638949,0.6427356406098824,0.0
-2.011022091629731,3.354343824913741,1.0
-1.6812083875012016,-0.7564582874822906,0.0
-1.2704316532690585,2.0570979571939256,0.0
1.7275386607418728,2.597311084702836,1.0
-4.184242570142032,-2.1635178123185717,0.0
-2.0135359045683026,-2.4853745196501533,0.0
-1.6558392016727672,2.110422878696086,0.0
2.5446532338021184,3.9051311875125956,1.0
-3.195805136024231,-0.8316506176591721,0.0
2.237917026710716,2.0675132486753993,1.0
-1.3925292655326755,-0.14639734882111352,0.0
-2.539672385476727,-0.3414892601768691,0.0
-0.6749753518030506,0.5154260486652794,0.0
0.9159097318555337,4.135403557919136,1.0
0.03953139347800061,3.584771073268297,1.0
-0.04121157832160938,5.028026513981062,1.0
-0.3259282389019842,3.437194772588072,1.0
2.3947576554918912,3.0489763257264046,1.0
-1.5117130952390005,1.0085427019393363,0.0
-0.267281075965601,6.0024067487138595,1.0
1.4452964018128391,3.3911311972355813,1.0
0.44108236430882086,1.517587416441137,0.0
1.7750991913679737,2.1999362409578653,1.0
1.0182008672194094,2.736374171936813,1.0
-3.702347939620334,-2.4213110477895166,0.0
1.7535583454999166,3.582559856724762,1.0
-1.8989031181307323,-0.9081926105121273,0.0
2.2473840125385456,1.6976032439312982,1.0
-2.0507557899017,0.6256511742044634,0.0
0.5712765270789829,4.672820313910595,1.0
4.318648027274336,0.48409873550505633,1.0
-1.3589299632284484,-1.7403075115471616,0.0
1.8355894256188994,2.8169846700681274,1.0
1.653518356983303,1.1335411219166085,1.0
-2.981563722998783,2.7234862975528986,0.0
1.2693969132216976,-0.6057083782475375,0.0
0.6290221572939596,5.396651865063621,1.0
1.344374166363667,5.763824644430756,1.0
1.7327342130018226,1.1365639512315362,1.0
1.7559468442965884,1.2852017546587748,1.0
-1.2833756628133308,-0.012793193690833137,0.0
-1.4859796413875337,-1.6789736258362944,0.0
1.6860705541830385,2.178268386610901,1.0
-0.5030669897369503,0.8198733663538227,0.0
-1.059444062669579,-0.19253525970328014,0.0
-1.666646480148585,-2.3270540388142744,0.0
3.061732535585707,2.2150644247276237,1.0
-2.439027611421686,-1.1225210691309897,0.0
-3.7213691923099175,0.04346479174740456,0.0
-0.07160072334707257,5.163371963618568,1.0
2.261594195821308,1.7698695633793953,1.0
-1.9494194404980556,-0.24923698257430812,0.0
1.3988145037412425,0.215500991020943,0.0
-2.720407685889704,0.3249851347694416,0.0
-0.5250485811234673,0.16389166229471316,0.0
-2.997165683177638,-1.7240807685783321,0.0
0.08922187451221553,2.107152198463287,1.0
2.39285603238893,2.6829586817125888,1.0
3.302650423718231,2.710689988005674,1.0
-1.3138965765999835,1.273230548546347,0.0
0.5367627449197757,1.6532250094972074,1.0
0.32987388617229674,0.464784640105639,0.0
-0.15958872851071582,2.2861165936967285,0.0
-2.3501714445369952,-0.66178078498811,0.0
-3.0569832166051407,-0.5234790384583388,0.0
2.6230545719811214,0.9035698881119141,1.0
1.7971684051174246,0.9182854802893099,1.0
0.21120888419608042,3.2878130132011396,0.0
0.4719698844018967,0.3160865697048742,0.0
0.779088304174774,2.2001174415580604,1.0
-1.5473431186768951,0.7735723450575609,0.0
-0.7774205798739154,2.689872234704902,0.0
-2.162470113495372,-1.1700365000382893,0.0
1.7444584881917098,2.286987411703355,1.0
2.6708829515422563,2.71703191181267,1.0
1.6661161246752005,3.7718452492509997,1.0
-1.7484139830145993,0.002776693727684394,0.0
-1.975260061856026,0.1172959737748698,0.0
-0.8826276326466906,4.349123556855558,1.0
-0.07853551601505449,-1.2646236434153357,0.0
0.2307613955365715,3.8428301095083084,1.0
-1.6355077173664228,-0.382163075309911,0.0
1.5980055568321139,2.052581706271602,1.0
2.374669430489837,2.028577765856221,1.0
1.507869627786381,3.7676636897682174,1.0
-2.3216984396999942,-0.3033387311447006,0.0
2.2719648292959436,0.9179010986769538,1.0
-0.4505889184550048,0.5373986049780808,0.0
1.4342971244681655,4.069903202990156,1.0
-1.8655961309639166,-1.8596559449694037,0.0
1.584388896292072,-0.09491080760603332,0.0
2.8175895402693816,0.11754510418324848,1.0
0.915485161658341,1.100071708910964,0.0
-3.674508087689209,-0.7764122933122902,0.0
1.8543380531685707,2.553322923064299,1.0
-0.4682406575024708,0.8502588546349343,0.0
-0.7175529903053584,1.8454774973408827,0.0
2.829872773348841,3.1651474457133215,1.0
-1.0847648864645052,-0.8787499630558067,0.0
0.8672374611731639,4.0921297724763095,1.0
1.0149084347836619,4.178858453615873,1.0
-1.9420874525561231,-0.6510281842731241,0.0
-1.0544902744551659,4.224693603962971,1.0
-2.156234977259261,-0.16970937726543195,0.0
1.3654686809196315,1.5685277717885935,1.0
2.4612686921262483,4.061012691561209,1.0
-1.7066195169182714,1.377114956054005,0.0
-2.8456674255483394,-1.9982262413780614,0.0
0.9842516543591304,2.529483184562707,1.0
0.052670567505045396,2.42731548929002,1.0
-3.711118566682667,-1.3500631677638533,0.0
1.3687834760214197,2.9160127034897054,1.0
-3.0122943930563206,0.33259082906843757,0.0
3.2193526405000847,3.7042693798969264,1.0
3.9985270428419355,0.5400528792336239,1.0
1.8337483697039108,3.3076161950262537,1.0
0.5165063783340218,-0.47466973670072454,0.0
-3.0696721402191027,-0.4396963365531762,0.0
0.15641834786454045,0.8755958912866253,0.0
2.66962147929541,2.551652524913642,1.0
1.7702392524194779,1.7332821875645044,1.0
0.6329767199929387,4.229082824159917,1.0
-0.17121535759153095,-1.8276333785248242,0.0
-0.2486372353727011,1.4183617518149076,1.0
1.3747225177723894,4.69279157882986,1.0
1.2973060928879983,2.282296082290018,1.0
0.016206925355520818,1.3488061639344986,0.0
-0.2301989454264014,0.2576236669316606,0.0
0.5169463235335657,3.690421963655843,1.0
-2.270791911743494,-2.6143833168352506,0.0
1.2339602861532988,1.7298151941580389,1.0
-0.1164911942672473,3.176471770714925,1.0
-1.910324142466832,-0.456667335196355,0.0
-0.2590757215837196,3.0495216636522664,1.0
1.1970278850365383,1.227344188623922,1.0
-3.0266902896007513,-0.4573309069010511,0.0
-0.2678513873887288,-0.5333895489663819,0.0
1.8691792788333452,2.199885766591315,1.0
1.0937842726837543,0.08945394613910088,0.0
0.7532100341545254,-0.039526403957369886,0.0
1.3163468717469928,5.478091086814759,1.0
3.1816690926610347,2.5086442643673865,1.0
1.6294060603457499,1.306730636466982,1.0
0.2382011004809067,2.207872398539638,1.0
-1.3085535082026785,-2.1084297166856736,0.0
-0.7456031364115826,-0.19527665115103673,0.0
-1.9206876089079365,0.6854547949577263,0.0
2.908870567040008,1.916041336765427,1.0
0.9565941392879184,3.3946241335419938,1.0
-2.529612084292661,-1.7735667519850846,0.0
1.47807104991932,-0.029209256198308158,0.0
-0.53787662594143,0.816241571065353,0.0
-0.9272072950874899,2.498989450293524,1.0
-0.1573516198431819,3.324733395387028,1.0
-0.7075965202962387,-0.578365038070687,0.0
2.147888463822561,1.6839601277387746,1.0
1.2191950205947124,1.6435855992329766,1.0
2.6731339177397273,2.230714502980747,1.0
-3.6278912734815503,-0.097227276205095,0.0
-0.5151040517178033,0.2955191145565391,0.0
2.2836532592447267,3.8110899146062414,1.0
0.4098150485469544,0.7061804642182672,1.0
0.9084122297481714,3.6417814618871263,1.0
-2.5046672675864388,-1.0848769716645132,0.0
1.7723668410204105,2.991501424335637,1.0
-1.2890513642536325,-1.3874519153018074,0.0
2.5782347133820576,2.90712595353324,1.0
1.4319909568070535,3.2138327855699464,1.0
3.046100103853595,1.8917300218292556,1.0
1.5851930175877564,1.5706369488425547,1.0
-0.8919079959390567,0.9019234004658222,0.0
0.6301494112966534,5.616332611486892,1.0
-0.019132056341513826,0.5078710501837389,0.0
0.4965629074860163,-0.2791676060000982,0.0
0.8158189083768661,-0.20380766340512665,0.0
-1.1095356881976024,0.35080624144596384,0.0
0.46870066198839144,1.4469190944600825,1.0
-1.6297394184963259,1.2722517371899567,0.0
-0.7867972823659575,2.6169857587809284,1.0
-1.025748553856785,-0.02082673291063757,0.0
-0.7253942684727221,0.658923655861255,0.0
-3.9388875616074976,1.00529216930226,0.0
1.713100741846283,2.643895317099358,1.0
-0.1269137387127801,-0.02758205652554098,0.0
-0.19480377598329168,1.7035699589045827,0.0
0.46580742109731954,1.942244890906366,1.0
-2.7171543811714995,-0.5755913112313067,0.0
-1.540366176159343,0.37594745002562835,0.0
4.095339320891045,1.8273889775336705,1.0
0.27022389597428276,2.7854079195267,1.0
2.3765898323581274,3.0277390300366025,1.0
-1.5222685861354521,-1.4398788585851243,0.0
-0.0890373571353793,1.153199875484974,1.0
-2.7254334495912422,-1.2204891635848962,0.0
-2.572353679422056,-0.7638088208628132,0.0
1.2507718838424962,3.3254232215304698,1.0
-1.2351223168749657,1.3242815987465677,0.0
1.177854824037522,1.8521475024885503,1.0
-0.5128243739234155,3.46126610468756,1.0
-0.6258534455538195,4.491436237619848,0.0
-2.4912507450690846,0.8928969709513044,0.0
-1.9936013606574994,1.2360425381156859,0.0
2.342331420621627,4.205945857896603,1.0
2.921922960137608,2.5215999791873904,1.0
-0.22781173520625975,-0.082787863575451,0.0
-2.318462172156301,0.8844987452644043,0.0
-0.5168856760083389,3.552891237870851,1.0
1.4513379866616414,2.330425184008206,1.0
0.4886669850348757,2.3254484109957962,1.0
1.0367309528125193,2.1956607051792836,1.0
-0.9263945102134924,-0.663946633662397,0.0
-0.8214546598092187,-0.4046724990366163,0.0
-0.010605334822992862,2.4294800040054345,0.0
-1.967707588749581,-1.3427790680803817,0.0
-2.728707536949031,-1.0109689837267921,0.0
-1.9098973469020277,-0.6820644836594482,0.0
1.7791278967221542,4.20193882906019,1.0
-0.7378029729725823,0.009453684417948936,0.0
2.5573941175255124,0.9295628999117853,1.0
-0.36461963014501764,-0.908213609023079,0.0
2.039713031607179,3.7888873965708645,1.0
2.808054559310314,3.0358772707905803,1.0
-1.077276871253268,2.0929923794943583,0.0
1.2333994469238032,1.0746317865966,1.0
2.966064973722128,3.2473934117978542,1.0
4.293399550779509,2.2435695021127136,1.0
-2.793781935492177,0.4682965155731828,0.0
-1.9322825344429126,2.8170129317094257,1.0
2.7351896253253556,3.2088786767248636,1.0
2.502003557072984,-0.9760892310220539,1.0
2.5222656741075657,2.8024233467773043,1.0
0.5064909255287533,-0.368531479579134,0.0
-1.7054055285109313,0.23994097745941484,0.0
0.3103793019146499,3.280552000454198,1.0
1.722038644650788,2.791949974298343,1.0
0.08014337419621143,-0.44318096877839197,0.0
-2.120936425820442,0.6301965156392905,0.0
2.935318331767346,2.4108459216186815,1.0
-1.1601286302915372,-0.15828928610085422,0.0
0.6136165180780527,2.7956504764393073,1.0
0.099556657302031,3.6871517885352834,1.0
0.6409765066520461,1.9155683363850056,1.0
-0.05208539958116187,1.857852114228125,0.0
-0.2703964450851527,-0.8517609808782866,0.0
-0.8613474176574454,0.7109006584081823,0.0
-0.05079731576801594,1.5372937535945013,0.0
0.036222741130292,3.3552979165791244,1.0
0.7149122761245182,4.996153656708044,1.0
-0.7700133676981211,1.0709702015908984,0.0
-1.4424679104676317,0.425379297171128,0.0
-1.7935540156245569,0.13921459757996069,0.0
-0.4508915089376013,-0.6463785299689147,0.0
-2.9812752572389662,-2.7663507286692606,0.0
-2.2680483029601035,-0.4482524807166418,0.0
-1.5630684392380907,0.5860655964551644,0.0
-0.015575705612083768,3.6038824845230164,1.0
3.4537422911036924,0.6991400753310808,1.0
-0.8209754026699538,-0.9647519852572599,0.0
2.883140045691655,3.0316998291147903,1.0
3.0064205973294587,3.7320605711484918,1.0
0.8712596759357993,1.490474838184807,0.0
-1.0500822494947935,0.1359787639408452,0.0
3.374660521606872,3.338657771021023,1.0
0.6356710507397949,0.6698268839571208,0.0
0.5929199376975343,1.6377801493032578,0.0
-0.45065964123714597,5.1059061851431675,1.0
-1.7875694527097645,0.5094419739909924,0.0
-0.29169100282834737,-0.32459076925400504,0.0
-0.012477157410493822,2.671726501344144,0.0
1.7790451346305423,1.5242212773648773,1.0
-1.0269428027861225,1.4134183965312659,0.0
-0.4202683874818032,0.7459370650000089,0.0
1.9787283971982115,2.3841532346982013,1.0
0.1067645184580317,0.7308391232842971,0.0
1.962029581999805,0.8535801249498909,1.0
1.7183204529056855,1.4624048051547234,1.0
1.4198663986773907,2.001665338314052,1.0
0.2051749845378621,3.30027781000289,1.0
1.513554345369093,1.3224729499996999,1.0
1.249406683083303,4.127510739642164,1.0
-1.1865090243680039,1.5426445825234236,0.0
0.9505473028644875,1.9850922839678597,1.0
2.6311922166697883,1.4664456705455169,1.0
-2.283618634036962,0.9476052440614039,0.0
2.914208692196804,1.4029931393789101,1.0
-1.0207858718210157,5.207563693893885,1.0
1.1517381257042911,4.4145361590689465,1.0
-0.06677983607952731,-2.904055842325237,0.0
-1.5790074014527866,0.5822299196749906,0.0
2.4180205108615,3.4212760391006456,1.0
0.8943192623088552,0.6933527695808789,0.0
-0.3927979145831797,0.8240347498330816,0.0
2.2441605460903764,2.6299196398467273,1.0
-3.7259345931930037,0.8761865221407178,0.0
1.4042872334362535,2.771609320960008,1.0
0.3855275965121754,-0.46692914942735875,0.0
-2.100370461335274,-0.45206005146303574,0.0
0.521718395626103,2.897188959831439,1.0
-3.094420496601769,1.3106020377412415,0.0
-0.3085513972840548,0.9845239541133608,1.0
-2.309155272872644,-2.4609934848963677,0.0
-0.5660828037985404,1.3340285965081071,1.0
-0.7756798533860159,0.029601216196042543,0.0
3.1652321470344846,2.250834373449512,1.0
0.7835424640812702,1.3253277782443913,1.0
1.8937025194189419,3.305723160727749,1.0
-3.105563467879498,0.15064748736329045,0.0
1.1563072455686705,2.620225902023593,1.0
1.9953306785242013,4.368483150437953,1.0
-1.5226810427969746,2.0686659507187963,0.0
-0.9195882073757812,-1.9220182085593855,0.0
-0.7000606202863162,1.7480144616595377,0.0
-3.000376249704293,-1.9206438148282814,0.0
-0.14345744402576632,5.439676569247551,1.0
-1.9232970693609293,0.9665747597728604,0.0
-2.7299952255997413,0.6629537954847695,0.0
-0.8327940174338395,-0.7093585223268538,0.0
1.302194576306323,0.9152479747423959,0.0
-3.7539502165882253,-0.8580242746748652,0.0
-1.049087346556286,-2.135247564060923,0.0
-2.491101950118022,-0.35441232601438466,0.0
-0.685963027633294,0.8134039990696786,0.0
-0.5502750127219465,-0.012832609173467256,0.0
-1.3948617147016031,5.303803929777207,1.0
0.742474016228188,3.2425522452836963,1.0
-1.7900536904151685,-1.3016407668840997,0.0
-1.543905359574729,0.4779347691062333,0.0
0.9702585978671985,0.5107547333444632,0.0
-1.7581595821807197,-0.6974326302526969,0.0
0.32192160222843513,3.2011314026590543,1.0
2.412936964499747,4.826461078434223,1.0
2.5291023402705455,3.4753069170631177,1.0
-3.4929736154489044,0.6700853689583952,0.0
-2.7483803575237227,-1.8826718524686428,0.0
0.9700926247242931,1.9827462331128816,1.0
0.9156998773117684,3.8962695223520987,1.0
-2.0748063297618904,0.36809271558355716,0.0
-0.5562750054286238,1.1101173843592378,0.0
-0.3574824522938357,1.842196945305786,0.0
-4.1791627314279856,-2.4498382700751686,0.0
1.2816914321351454,2.689483479218749,1.0
-0.11304330426375508,0.13290828086239587,0.0
-1.4240512284803988,2.800935238522522,1.0
-0.06988964634823946,-0.5603908106289434,0.0
-0.7146796202605733,-0.20508178594480989,0.0
-0.2619074857014705,-1.546287836716626,0.0
-0.2781711085370451,2.047419055895979,1.0
-2.0730836530074894,0.46465355954957566,0.0
0.25376018260351385,3.4523778324742445,1.0
-0.7670773037095228,-0.6328032383978764,0.0
-1.2911066035563847,1.86602825947147,1.0
-0.04439610302794561,-1.6725197813868526,0.0
-1.321636274723156,0.9096633999986139,0.0
1.5769862044247214,3.1541899228998185,1.0
1.4598250173385239,4.965407298521418,1.0
2.8878271230122223,1.2843707992066649,1.0
1.1556270643930189,1.434355865959459,1.0
-1.7685254462847921,-0.9608852085738303,0.0
0.9545563372614789,3.2149904669954843,1.0
1.1741637368003923,3.8503702318608957,1.0
-0.37621545562480396,0.9571954910340651,0.0
-1.5710503331122152,0.030138104106083953,0.0
-1.243844539146696,-1.5070555071460923,0.0
2.544789781946726,2.8027634845990743,1.0
-0.5655264154844557,3.5202511327011243,1.0
0.29355620084994083,2.1165422652501373,1.0
-1.922331460319073,-0.3325786682908271,0.0
2.232303974633048,1.6530199704846569,0.0
1.720758968221198,3.1801478273333146,1.0
0.10494447424033004,4.840868262256345,1.0
-0.1877523833455499,4.712753303492764,1.0
-0.4745546609500111,0.6000303131045184,0.0
1.7443641102848515,4.7729783878839855,1.0
-0.604327686262227,-1.2059501671800752,0.0
-3.429112466031933,-1.2318831277787092,0.0
-1.1607538040310537,0.5040125313592427,0.0
1.1704606396356014,-0.03612531027850828,0.0
1.2648628570181117,3.3309714942219912,0.0
-1.599659617709164,-0.9239834628943749,0.0
1.2035933235512855,1.9868544501197727,1.0
3.6477819749693365,3.1533269059348354,1.0
-0.3833290761484429,3.3652113165762896,1.0
-1.6434323056198035,2.0405376416965195,0.0
-1.0159847483831679,1.339246204050121,0.0
-3.419082830340301,-1.8107722081868693,0.0
-0.0023601349792921056,3.941368393398246,1.0
0.9868908033935624,3.5807989089823766,1.0
-1.8350929330208499,0.15965371757753288,0.0
-1.7166936486739173,2.02054889534064,0.0
1.498952660144494,1.76822523960527,1.0
-1.8377089292961273,1.097084178433251,0.0
1.9456187203028117,1.0306570472209957,1.0
1.7401529680482257,2.182606243080444,1.0
-0.9402151667487268,2.9745370370443522,1.0
2.931625838309774,2.3359553170458716,1.0
-0.6173082274508327,-0.6813904831482167,0.0
-0.7707972852748721,-1.9337252693447131,0.0
-0.5228572983191662,2.6556404730516086,1.0
0.9195650492900777,1.4412460489555377,1.0
2.3483319394638063,1.8992631647522433,1.0
-1.512742669263086,0.9980955821572985,0.0
-2.492202146990489,-0.5853076291483852,0.0
-1.2630907842391776,-0.8275268871359104,0.0
-2.057768343625005,3.419325299903697,1.0
-3.1444127332129295,-0.16027149940271182,0.0
-0.1548640641211385,2.1696569914743637,1.0
2.040459374496722,4.27767867473649,1.0
-1.007752960570324,2.777484352553829,1.0
-1.3001143917756033,0.8998053208399398,0.0
2.8341369884334964,1.8349832193013693,1.0
0.16477203285345055,0.7033690999305144,0.0
3.2635824650218117,3.767175215268411,1.0
-0.28825808537596165,-1.3523517201994613,0.0
0.817635848929837,-0.8298094062010194,0.0
-2.8932814555644093,0.7762015943755788,0.0
-0.12988669781986806,3.191004438552583,1.0
2.9438159092742318,1.711390308169283,1.0
-1.4116743121103235,1.3145631728067986,0.0
1.729927784906201,1.9873038430471257,1.0
-1.9971905092620348,0.38499288208210786,0.0
2.7902592802482227,2.478765083814628,1.0
1.2610291088901286,2.346226475056823,1.0
0.9435979220889403,3.818974100005446,1.0
1.8315004126720131,3.215301941930611,1.0
-1.8764558949947951,0.3854283121536476,0.0
2.0616125389303424,4.209509072926699,1.0
-3.232875617781663,-2.4752765406878754,0.0
1.2982209256543578,3.6821168361362133,1.0
2.0042796114148627,-0.1631921514820367,1.0
-0.13718554535363614,2.405385052784457,1.0
1.6124954065857917,4.506581471674359,1.0
3.6786274509389996,1.1478589369142298,1.0
2.06023252373112,2.6344774473295587,1.0
-4.275186680969283,-0.6673877969584266,0.0
-3.08759468886696,-2.65846542583521,0.0
-0.703305785997236,-0.17880977245637847,0.0
2.0225668554317204,1.0031017975770238,1.0
3.2847559956745123,2.7544416605131667,1.0
-1.9109665504844806,-0.26661941530520694,0.0
-0.34484476174771184,1.3171758229530692,0.0
-0.09760876965131149,3.556098441936953,1.0
-2.5093982655182696,0.3596355713288228,0.0
3.693918132021339,0.7298305991308518,1.0
1.5280400279642186,3.157908997973193,1.0
2.383514073927066,3.6562183641257917,1.0
-2.460034412902025,-0.5878333363386136,0.0
-0.5182191655837312,1.6031661777874342,1.0
-0.5292751712163137,2.9681098907522343,1.0
-1.5424719176883057,2.020188674409401,0.0
-1.3437643814274272,0.24875474206386228,0.0
-0.15838096566517224,-0.37530309910363796,0.0
1.3228865749550425,-0.8049475728510221,0.0
-1.6066850628393499,0.15274159364485387,0.0
1.4299581065193294,5.758171570431578,1.0
-1.4312288463341483,4.088213191758628,1.0
1.7127015523183595,4.313361352389936,1.0
1.7203236860088058,4.629537216102323,1.0
4.131830804110174,-0.042909089609000084,1.0
-1.4511651619935617,-0.47842653688947023,0.0
0.4214364620707777,3.9766020676974803,1.0
-0.0013176892200534862,3.014430915775734,1.0
-1.5220153928037752,0.46049071983415396,0.0
-1.7093231097434813,-2.5398769657734594,0.0
1.3895160704847047,2.574022657886949,1.0
3.142725758011973,3.1488722120117587,1.0
1.9079926557434828,1.2771665772986027,1.0
1.5805286497764084,3.312745658923762,1.0
1.581036112928834,3.4996519685476235,1.0
-2.199732283474236,-0.8808647549071064,0.0
0.11767545464333384,2.182114458539222,0.0
0.037138615327853675,2.3682607286730883,1.0
-0.4873709348037705,2.5353978483871242,1.0
0.35000861457603394,-0.8446497064930031,0.0
-1.5491221844614325,2.4915525727367,0.0
-0.40719211184341475,1.2395416746460621,1.0
0.8531842272491377,2.5133116331525547,1.0
0.24801699250737408,2.055707964571732,1.0
1.3049870238894379,3.0890748634639866,1.0
-3.5331457542211,-0.6911371033411399,0.0
-1.077560441448708,4.205928108031785,1.0
-1.3433453160839366,-0.64264605500637,0.0
0.42995672085424774,4.77266790632789,1.0
-1.4295499735251034,0.014444623786287103,0.0
1.2131729855796822,1.9329904374160773,1.0
-0.25559242360152845,2.498661469651825,0.0
-3.591964636247287,-2.047458225669674,0.0
0.18476734609769774,3.393786372760887,1.0
-1.6448644411297833,3.6618567727480804,1.0
-3.1137511558789317,-1.345158821205732,0.0
0.4272251115488055,1.3249249600943276,1.0
1.383661646660919,1.8529705218872423,1.0
-0.4283212327684046,-0.9033953398484922,0.0
-1.264126146631518,-1.236405157334355,0.0
0.5879136053217942,1.1220365474261993,1.0
1.347129865468825,2.549763159176184,1.0
1.950809579165318,3.226519216527924,1.0
-1.439136362019432,0.2611655159402584,0.0
-2.887451879344831,-1.0629049962605615,0.0
1.502194031260384,2.4803761051544684,1.0
-2.128640786643783,3.205885564542251,1.0
0.707412601912297,5.067904552115998,1.0
1.1173109923060216,2.6307149779898604,1.0
1.8126294829118679,2.6753970667557097,1.0
2.0079234562826307,3.418950092357463,1.0
1.304113548623212,5.144566686173874,1.0
1.0876063247835,2.026365363758613,0.0
0.48104993768894433,3.7850769085280724,1.0
0.19840856738386226,2.8195134226552394,1.0
-1.5473884620909735,0.8674101927614131,0.0
-1.3201402224412537,0.06086410819115216,0.0
-2.062467192127554,-1.7308869252434942,0.0
-2.186526105476286,-0.4697448973701276,0.0
0.41333474011535143,2.71154282199972,1.0
-0.592892662403995,0.6312312317845347,0.0
1.0122795796425377,3.1959418634580485,1.0
0.9193503016006563,1.7319678447336853,1.0
-0.4375721659059021,-0.375943539802954,0.0
1.797115624691679,2.136466701032663,1.0
-1.3449252445609925,-0.29917029343672447,0.0
-0.29136851057670954,-1.7559254991862976,0.0
-2.1438389359282475,2.559448899039744,0.0
3.091894381321297,2.1500963582808326,1.0
-1.094742882755144,0.10647101715855672,0.0
-2.6709097133676245,-0.5027650656040735,0.0
-2.033208155040136,0.9968040674163203,0.0
-2.3987906134318413,-0.3877626919085698,0.0
1.7890719480594686,1.5560682799692405,1.0
-0.8025803852111639,-2.5388697886849356,0.0
-1.8919889530763483,1.5196534015734011,0.0
0.9708270247310821,1.5113396061381477,1.0
1.8133021564230227,2.7968673185430166,1.0
0.5866957261245854,2.186344233469715,1.0
-3.1244315898824437,-0.7858187799816135,0.0
0.9955249973626662,2.21000967297368,1.0
0.9061965515748795,2.8877486208239747,1.0
1.7902416207775378,1.418012418159448,1.0
1.917477741603372,2.845084778673206,1.0
0.6340723928845089,3.9531756445042685,1.0
0.9351332087573292,2.155724788718954,1.0
0.20506926355324606,2.2986437815811573,1.0
-4.291977653319749,-2.3378370936592328,0.0
-3.1637736142907995,0.8463126698790779,0.0
-2.8763346271254524,0.2721262996663494,0.0
3.5121981845403356,3.8457612098529736,1.0
0.0071059799604411555,5.5163028690493086,1.0
0.9015657466920604,1.866428295690854,1.0
-0.5508038081719253,-0.7849354279514056,0.0
1.9908588976619548,1.1727178752781482,1.0
-0.6601499655475718,0.09829046467281116,0.0
-1.3217023967847796,0.34457013494475563,0.0
3.1796703941561084,3.0526334828063035,1.0
2.299759865385063,3.307693738850557,1.0
-1.2612695771098934,0.3116962610262242,0.0
-0.13127241684506186,1.028452153451566,1.0
-1.4592192264709616,-0.29831978480243143,0.0
2.885802928079986,4.04461034320659,1.0
0.6623359945087521,2.1086418940707494,0.0
1.1039097064084962,-1.5398576940162894,0.0
1.3100672219383191,1.8449653464565585,0.0
-0.6026762600754564,-0.9223552817851063,0.0
-1.9155772916193574,-0.44327638590663976,0.0
2.037632537067547,2.4936966658098214,1.0
-0.5408210152005508,-0.4451753447595117,0.0
-0.21368599708584235,0.4950526760695435,0.0
1.1253726425861157,2.9547356875442454,0.0
0.6633934346912431,0.03285999897344136,0.0
1.00950333289162,5.1331444167939475,1.0
-0.22307988401271206,-1.7623831816103785,0.0
-3.077947682298081,1.6975277974366159,0.0
-0.32838362079499683,1.904391395591015,1.0
-2.2697060033166685,1.324977582512137,0.0
1.7612484885759438,2.5916433292025363,1.0
-0.5065228394783213,1.1488946651218594,0.0
2.083242714684134,2.873228526811845,1.0
1.5713643370898058,3.7697897624037426,1.0
-0.8456929215043857,0.4962249892335034,0.0
0.8610625861092134,0.06785307444702578,0.0
-3.355227618473039,0.39901366591299825,0.0
-1.2673652900313377,-0.8919052887768156,0.0
-0.708434139493417,0.9403582362400484,0.0
-1.35722570137499,-2.388987645971683,0.0
-1.4696485271201007,1.4401226222522319,0.0
-0.18916570762225304,-0.6365820190419559,0.0
-3.2543665656426564,-0.07444915494607755,0.0
2.805498664012104,3.354586993406368,1.0
-0.2925892797780011,1.3999905439153366,0.0
2.7324959653930145,1.8046097166678738,1.0
1.8538937626737493,2.6580393644457456,1.0
-0.8831945828481444,0.8779393894718928,0.0
-0.3281873548742704,0.6088293163722559,0.0
-1.1907345711388861,-0.8856167010876322,0.0
1.5822735486520227,4.442777750224053,1.0
-0.4964829234003685,-1.6543535509268683,0.0
-3.361480379466969,0.7564859295735591,0.0
-1.7147091743928764,-0.06548915319345039,0.0
-0.4303948135642892,1.513644592960189,0.0
-1.6283594349019395,1.081379572611554,0.0
-0.7780867618500187,0.9334605055327725,0.0
3.2220638256160976,2.2128003066117827,1.0
2.165483308551366,2.315724279536694,1.0
0.18677270403531177,1.202497525092703,1.0
0.07113548455883367,5.41439685355247,1.0
1.5107065811668257,2.6297226923637824,1.0
-3.439177798495538,-0.5568574330687299,0.0
2.6992718162660863,0.2927837430900202,1.0
-1.066062744854696,-0.9613560940356708,0.0
-0.07667876108974325,3.649592231114218,1.0
-0.7993558847256534,3.1269189276846285,1.0
-1.8187387468404277,-0.9132408125681643,0.0
1.1640850297606349,3.238828710334962,1.0
1.5762178058933367,3.7616843133054214,1.0
-1.9026662084815196,0.9624986231314676,0.0
-0.3016002950767832,1.495115137606854,0.0
1.6001348756516587,2.1251724587030676,1.0
-0.8517867587283388,4.623431635165307,1.0
0.18305096613032368,2.362515691187107,1.0
2.2665336471522988,3.2157123852424494,1.0
2.2077213931612554,2.6561046789590765,1.0
-1.684768545590802,0.3215726125027759,0.0
2.456130173216622,2.2034747529104157,1.0
0.24358984008026585,-0.26651133616168654,0.0
0.5504382491367479,2.5699811481665615,1.0
1.2549658105660872,1.9997762667446086,1.0
0.2668926546196332,4.523383453349671,1.0
-2.77182097346359,-1.8859693660696466,0.0
-0.49096929358508823,-0.47505408313915853,0.0
1.52877283341028,2.836149696789122,1.0
3.055501495320728,2.5979495036788522,1.0
-1.7835012946220368,0.47960491730007937,0.0
-0.4934991107631692,-1.40149782039649,0.0
-1.5983311888685914,0.37152973999637806,0.0
1.7851805809280037,0.681955473338668,0.0
-3.399194269656846,-1.1326758885966346,0.0
-2.593230987104476,-0.800146649144392,0.0
-1.3219713584511346,0.42239459681009306,0.0
-1.1182200368543913,4.529719051175145,1.0
0.12480611886104831,-0.2731907495854766,0.0
-0.3308927775264119,1.2244083778640888,0.0
0.6803501462775058,2.182547944921171,1.0
-1.3524573276131364,0.45787202734338933,0.0
-1.2866758037695376,3.1042697645553456,1.0
2.274261336521174,1.4797663031547375,1.0
-0.747435272045548,-0.9708623081285997,0.0
2.5676584600295804,0.6856652727991621,1.0
-1.9771730494995494,-0.1768569817089848,0.0
-0.5813847768483564,0.34648007179396395,0.0
-0.9202513130644367,-0.6837217956005034,0.0
1.821240623271032,2.0935053706225384,1.0
-0.47424061046223587,2.2374497384106338,1.0
-1.7182657101587848,2.9873148960811755,0.0
-3.22104617436659,1.0732073598187741,0.0
2.6303863518999284,2.3611147547726996,1.0
-2.587506711789197,0.37990432211847547,0.0
-4.364649692203095,-1.1404973197827184,0.0
2.8985182870114423,0.912396767848261,1.0
-3.5958331903554086,0.08968675468804,0.0
-1.390059780825096,-0.27301418986218334,0.0
3.6779768658191045,3.4866240488202696,1.0
-2.5214223541192204,-1.236009197748286,0.0
-4.098958614052912,-0.8717390150692403,0.0
1.4939580304778604,0.3475990114986094,1.0
-2.64220425978172,-1.0390378988037083,0.0
2.548088923900017,0.52608218344171,1.0
-1.748620356825279,0.42484081948705177,0.0
0.7201844745427148,1.4638311555361723,1.0
0.9202441863880784,2.6593971560809413,1.0
0.43790296998579137,4.884668899182328,1.0
0.7623977065272179,1.9386247642870904,1.0
3.7054593478267,2.408825632052377,1.0
1.288731591587891,1.018196517305343,1.0
0.09264363476165594,2.7842467056016216,1.0
-0.242206679539807,-0.3335439397490489,0.0
1.4405156744186551,1.4056429361471852,1.0
-0.3868401360453556,-1.2432367239894042,0.0
-1.7700291663141956,-1.0062127137184056,0.0
-2.7988254922925537,-1.5392500141029788,0.0
0.2693629574806131,3.676509054342081,1.0
-0.5654709606892636,3.4342010133053633,1.0
-2.370957459085705,-1.4400828159504722,0.0
-0.4354874717177304,-1.2563844570911598,0.0
2.053530260717214,3.1337894164385287,1.0
-3.370481111128627,1.2312482798847428,0.0
-2.228467845018164,1.1008727990338156,0.0
0.933062633810245,2.147436796560282,0.0
-0.5039344652729933,1.0898967951346112,0.0
-2.461708149628239,-0.192178167180286,0.0
-2.211057560095243,0.2087473592473213,0.0
0.33790054228561495,4.258213860194348,1.0
2.0355450975754676,2.4562754458921185,0.0
1.1980889854930625,2.3282396790602844,1.0
-0.7741624973689762,0.5916888087044542,0.0
1.9825946237014291,2.1163631161200924,0.0
1.1501339887013748,-0.22898299099095265,1.0
-0.7163753660254064,-0.07251059843454476,0.0
-0.6066130882124285,0.5829381021708065,0.0
-1.3224565539969209,-0.9688835484440598,0.0
1.4793071723751552,-0.5357194786323367,0.0
0.4449799222765157,2.3599625574423744,1.0
0.5667182188874036,2.856134032825349,1.0
-1.8156512011935244,-0.8804811782846559,0.0
0.839899156618785,1.7516177026236834,1.0
-3.1267323495325003,-0.2834088325690779,0.0
-0.32990802765993765,1.09730149865219,0.0
-1.0994235866433224,1.6712996016487924,0.0
-2.0784611242463056,0.1480647289296059,0.0
1.9027193228406656,1.9719894149879154,1.0
1.8220514090813906,4.898909534398121,1.0
0.4158079071333103,1.8291598580151065,0.0
-0.4409163722631927,1.2265386472754458,0.0
1.610237969680075,3.9169403098033855,1.0
-3.397359570445552,0.4885699571883927,0.0
-1.4667998174986732,1.6077082591360248,0.0
-0.675524608973444,-1.1957027740022423,0.0
1.906708854478848,2.082874782850454,1.0
2.1512436617468835,3.8473200414487643,1.0
-2.6883690947709225,-0.11383296623144248,0.0
-2.234786587861214,-1.0836729798412619,0.0
-0.22620468091335888,2.814156415233831,1.0
-1.8008289919559055,0.9705821034842567,0.0
2.063618774418884,0.41557918929847437,1.0
-0.28274341024197447,0.3264239983156655,0.0
1.2976858611052495,2.3303963403903936,1.0
0.926193820016818,3.226195844847928,1.0
-0.5308295054558123,3.4366153533124386,1.0
-3.246299590362682,-0.7618051893953643,0.0
-1.2690274412123315,-1.4112770730068058,0.0
-0.997598894443618,-0.21392202714123004,0.0
-0.5763138835957876,-1.233702944070327,0.0
-1.7909252181440707,2.4410030689562463,0.0
3.4297917522104315,3.454106065225074,1.0
-1.6823225707764917,3.8430630721163532,1.0
-2.6037902334892546,4.158127255744446,1.0
1.7596217310574285,2.0023217027677624,1.0
1.1938589511176776,2.7922574695372777,1.0
-2.111446670710274,1.1080853677289328,0.0
0.0010052425179529756,3.121369737499433,1.0
-1.6772664903012808,1.088284757996697,0.0
-0.205479482370589,1.774251750809002,1.0
-0.13889058651675446,1.6015293254044414,0.0
-2.512097043902364,-3.5398235450125046,0.0
0.0410167831845516,2.3619693969932203,1.0
-0.07184673201522207,4.003250420052368,1.0
-2.784963684750386,1.1310953496048366,0.0
-0.10618214325408948,1.3467825068875423,0.0
0.29450694042972536,0.7591666137075574,0.0
-1.0596791816640894,4.056013062095483,1.0
-0.7696541807495223,-0.6020667130054298,0.0
0.7671604642535746,2.019255773663409,1.0
0.31800815777769675,-0.5798391632651662,0.0
-1.6506462944220996,-1.4549636132089634,0.0
-2.1611908421819175,-1.8665875703740729,0.0
0.6284758736309386,4.441070986317568,1.0
2.581253096685145,2.4522223297717547,1.0
-2.123952349899106,1.151555902279248,0.0
-2.630542028031103,-1.7847522517600454,0.0
-1.2232648491881688,4.603887230971741,1.0
1.87055391492067,4.49012701593245,1.0
3.288153503285943,2.184266311971272,0.0
1.9417159082876718,1.840464669125189,1.0
0.6798885669412208,3.7450703953124003,1.0
2.080669444590953,2.9238750464147185,1.0
0.7235919894213021,3.206681714796314,1.0
0.6934659110332655,3.987656092659303,1.0
0.10798233922080747,1.96866612250229,1.0
-2.3336649298591867,-0.07548216522372178,0.0
-2.683323176101161,-1.1307341790716559,0.0
-1.3422743465352858,-0.6462050551867758,0.0
0.7638611420269519,3.575368798871249,1.0
2.616447941511394,1.0823688722094729,1.0
0.7433110986699447,2.821200727082328,1.0
4.300633356438384,1.653275733801949,1.0
3.3913968930281113,3.1309426581887787,1.0
-1.7825427790548263,-1.489774526175815,0.0
-2.1153646280027623,-1.2708608729872874,0.0
-0.8051725590225274,-1.3038545476920975,0.0
1.5694959416624676,3.6497903552042628,1.0
-1.1003518545862132,0.2396148714614201,0.0
-0.6988992677708041,0.8570641808512603,0.0
0.28387019223245424,0.31615807848694527,0.0
2.8998106659801564,2.180715524806321,1.0
1.7686174680929863,2.07305728297888,1.0
2.2952654905635628,1.5471939014070615,1.0
-0.13069286702936478,5.208572884737599,1.0
-0.4042058388230161,3.7927404774477353,1.0
-2.5872457705207115,-1.0699429232007895,0.0
-2.0383024562366248,-0.41407098218006594,0.0
0.7408733744300382,-0.22632948887817222,0.0
1.0042638761604217,3.364157326209356,1.0
-1.8373598307731118,1.4403395751139811,0.0
1.1626604594593775,1.3714101355162702,1.0
-0.9751286685120653,1.1177989210214603,1.0
1.5614362542775067,4.97824763993114,1.0
-1.0797767630926194,1.4210268531083536,0.0
4.045740049901302,2.016417311038624,1.0
2.6172266518917224,0.735853568197212,1.0
-0.4842877824767273,1.2300559659073296,1.0
0.04012954385500955,2.6876512668035883,1.0
0.8614703196659825,4.974833940024933,1.0
-1.0922138209982297,0.18318465109790494,0.0
1.932172612916058,1.9965856156464559,1.0
2.308855709740783,3.9754270275581014,1.0
-1.2014570090428096,-0.03222405832759488,0.0
3.2012493293804276,2.3875209110595175,1.0
-2.223053524409847,-0.7043019474962655,0.0
0.14003651564390096,2.6245668850636816,1.0
1.021618185205055,4.10458087951822,1.0
0.14528405110360243,1.8151991023757135,1.0
-2.2656964966478084,-1.0215619517483479,0.0
-0.6230671916004941,0.5933851912948827,0.0
-1.0343799231537478,2.9968055808101477,1.0
-1.1739521952247949,-0.6328857782504783,0.0
-1.7185087953519786,0.009685328314186187,0.0
1.0561060083567848,2.5590496586374982,1.0
0.4422123261559714,1.9823491948161613,0.0
-0.023334796868335506,2.545510377658736,1.0
0.3382200727509498,4.213679973617885,1.0
0.5871172698390315,-0.5551626406192126,0.0
-1.3991422210121678,-2.0688556902986046,0.0
-1.18365249838031,-1.2468682701418046,0.0
-1.3744791564776073,-0.46984206097285897,0.0
-1.1393919015110983,-2.0353809571132806,0.0
0.658326864849621,2.9018909365937824,1.0
-1.0611540454950221,-0.6650037783113981,0.0
-0.3627945329841823,-0.31552332495562285,0.0
1.3226885069993677,2.8051858901564066,1.0
-2.5043874878929486,-0.5719661144449851,0.0
1.1408531419489154,0.1589049089368322,0.0
1.0442961003171867,1.8783245007108373,1.0
1.2303739654657042,2.9248346188954417,1.0
-0.06737497314896079,4.088806300067068,1.0
-4.0172004368284915,-2.273848522897355,0.0
-1.0420290682253275,-0.37315712131452833,0.0
1.598835453427189,2.213803482903806,1.0
-1.4763660923503652,-2.45749401437007,0.0
0.07208802101279099,-0.3716367405372709,0.0
-0.9389538287078831,0.9593799691547722,0.0
-0.7005791680357891,-1.358091926813709,0.0
-0.923295187026713,5.556693903679241,1.0
0.09634713079164592,3.3645667305758504,1.0
-1.963651439141468,0.7766872020095188,0.0
-4.099136360296971,-0.8119382089798419,0.0
0.6071825153190918,5.700279555596076,1.0
-0.9083852705536868,0.7138576870748564,0.0
0.4160762890120415,4.022239989312902,1.0
0.7501036421177882,3.9059379480186935,1.0
-1.3440443561698094,-0.6086654689513153,0.0
-1.17146081886333,7.619632749053766,1.0
-0.7643193635302669,-0.016519522886277317,0.0
-0.3369829897260097,2.3030463240025103,1.0
-2.778397662268757,1.185170427647159,0.0
-3.868033202789177,-2.767190073014808,0.0
1.001532444027405,-0.13667769295917212,0.0
-0.6134340188847632,0.3167388068617738,0.0
-2.2861085577420397,0.5309376593223349,0.0
-2.6597363916451853,-0.32127502792641205,0.0
0.7097456453602915,0.5982390791608884,0.0
0.5204145841205388,3.1760132927250675,1.0
2.245413698495015,1.5097419939178258,1.0
0.9437279740549736,3.2475579921909445,1.0
-1.393069133523066,-1.8851103514338743,0.0
-3.5544398049792036,-0.8494105152261308,0.0
1.5225089460959293,2.4935831594259277,1.0
1.961762909822561,2.5820264171521656,1.0
-1.4085590499251226,-0.8097616013273566,0.0
0.04769853374443467,-0.9627061999354145,0.0
-0.3587539520668185,0.05670746624963849,0.0
-0.06997143221871926,1.7452084013083025,0.0
0.613580709100252,2.965637256209744,1.0
-2.0193024688034678,-0.7436996511228076,0.0
-0.42587090705771924,-0.729543155313401,0.0
-0.06662342405321531,-1.67617474724039,0.0
-1.9222079173473858,-0.009751328835123595,0.0
0.5868673585999113,-0.4375058026422112,0.0
-0.323687042055094,-0.3415172438260881,0.0
3.505654677141445,1.5076736915876465,1.0
4.757677820957644,2.4361124112348236,1.0
1.6403274849357317,2.2614209492755175,1.0
-0.5426503673397312,2.0436312514526063,0.0
-0.020625992403553006,5.860609020880915,1.0
0.8002416826935839,3.576195229417797,1.0
1.1233840997170927,1.8342868791463354,1.0
-1.4203904446048645,0.4548076278628712,0.0
0.7031479629308852,4.717963038176029,1.0
-1.9500674517056287,0.8242890968135743,0.0
-3.3824520182657576,-2.4845029926728874,0.0
-0.35564869594257664,1.9091469371381544,1.0
-0.11101264525522248,0.16603776724295485,0.0
-1.2477401155454106,-1.2850377760165905,0.0
0.3577409014917511,4.038897132526914,1.0
0.33580155914828214,-0.3779946187563093,0.0
0.6405936278347015,3.77349467008223,1.0
1.7071352194539555,2.227045951858115,1.0
-0.07492738462774984,-0.1432287323379855,0.0
3.095379300507454,2.357156912336408,1.0
-0.10739605892798587,2.5173304679349693,1.0
1.1429788706543853,3.455584217665641,1.0
-0.23490056815885274,1.363775944468015,0.0
-0.50595552682495,-1.7298776192608192,0.0
-1.1443672586704332,-0.7589447747275991,0.0
-0.48927744742153,-1.0982884337349639,0.0
-1.8736456311470162,-1.3869058657169204,0.0
2.8570795361415615,2.831698018622203,1.0
0.3659011208037779,0.1714036341368064,0.0
0.3949331762444158,2.2021991011890627,1.0
-2.0544917338594004,1.9281088752193511,1.0
2.532501736731584,1.2589226147690473,1.0
0.8707213890900818,3.3982045293427796,1.0
4.399593161622142,-0.07678054660689382,1.0
2.8082497296472995,3.486329908661176,1.0
-1.2878459106671678,-0.3056603453389489,0.0
0.020222681806512766,4.598092156801593,1.0
-0.3395756227498208,2.849134671525032,1.0
1.7856007573924373,1.9622260341984816,1.0
0.10680734955950144,3.4315176324003875,1.0
0.5167658360215094,0.38864396625081454,1.0
3.1392001398787692,3.3857065760894836,1.0
0.39781995979297313,5.908455674367774,1.0
-3.779005739756972,-0.4431872562247564,0.0
-0.0727526647169987,-0.12275898051326599,0.0
-1.1014226319098654,-0.8435129771077102,0.0
-3.0060384126385955,-0.2101081327597101,0.0
3.2970648593366008,0.4658091830499118,1.0
-0.7047564199350191,0.896688442625436,0.0
1.5827949631218776,2.9635392234088394,1.0
1.0944412344319787,1.757281040641341,0.0
-4.199231201442522,-1.8349179687545432,0.0
-2.863881925061175,1.119231643587797,0.0
-1.9094218797800575,1.5172505426361815,0.0
-0.5050416686795717,-1.4622473643823437,0.0
1.1991882605702153,1.1486921501996332,0.0
-2.3611173148100777,1.1869117465568997,0.0
3.5556897909570386,2.130007593384063,1.0
-0.5610130133229582,0.0202846182672441,0.0
0.1802467435390782,-0.8081528893481191,0.0
2.7450523198651835,4.387904544258832,1.0
-2.739688753547672,-0.3628003207792882,0.0
-2.181387296387836,-1.004500300322432,0.0
0.03814926937314289,4.402717621466988,1.0
-2.0790033662951832,-0.2852426830843777,0.0
-0.4833009462649467,1.4435955683230433,0.0
0.8344007041617829,0.9965026550638596,1.0
-0.33160310613659605,2.41879921339647,1.0
-1.1800554342168519,-0.45736267824254057,0.0
3.249362718954697,2.3025082246072133,1.0
1.4542943737831946,0.2917461955322125,1.0
3.1933743749706314,2.945129097210284,1.0
-0.9890966318278145,-1.8665969051360052,0.0
-0.928534899132761,-0.0727775555808268,0.0
1.4555045787389036,-0.7007589054602745,0.0
2.548358991996116,3.1713736625619333,1.0
-0.3885824028354654,2.129322876010395,0.0
2.815657969103871,0.41930833585959126,1.0
0.04770902859282833,0.11999862223371875,0.0
1.347567245034232,3.4225931022085643,1.0
0.2803399819749012,1.3090206329963785,1.0
0.9475539318517532,4.675492653006419,1.0
-1.5706698027518113,-1.4612044210995876,0.0
1.0880112821117516,3.686664933264983,1.0
-1.3809951585326972,0.7787109266768372,0.0
-1.8783750098087548,1.391220845748556,0.0
-2.8412150072319804,1.392842543800104,0.0
-0.8591949235175005,3.5372702703325047,1.0
-0.7327445086180433,0.2914445934020185,0.0
-0.1154100751792193,3.2217057504364393,1.0
0.7730182862794186,2.2435618884332413,1.0
-2.5619399711539383,1.4350427183506023,0.0
2.0356632117936106,2.4750560755759943,1.0
-2.7807309017424426,-3.640268075087885,0.0
0.07342137224779632,0.3477166803109478,0.0
-0.27684234602447155,1.9034937349290482,0.0
-1.6643538687953903,0.30032530024149173,0.0
-1.2610776960540402,0.4729530314114135,0.0
-1.0917331819917218,0.03656934228144786,0.0
-0.06885957827972322,0.46817433164667577,0.0
-0.09303790281254165,0.3160566425063971,1.0
3.032610044964147,3.1302230405623743,1.0
-1.4739021165863526,-0.1976303310076329,0.0
-0.3236353572723021,1.2796897823236053,0.0
-2.4907023701871167,-0.9802887636070888,0.0
-2.283257481962372,0.31898631730712196,0.0
-0.12024916650443718,-0.764791131976768,0.0
-0.5348662601402953,1.533521176273513,0.0
0.8440077476800141,3.1796385729653664,1.0
-0.1305232703217165,3.975756889844128,1.0
-2.1162218592834368,1.9606360080600749,0.0
2.7205069016730823,1.4714923868822674,1.0
-0.8711778443897904,0.06181289569475944,0.0
-0.6246412394835348,-0.7069335148625016,0.0
0.1503359523572576,0.8090489250181788,0.0
-3.197159408177155,-0.05263528138958414,0.0
1.824630318479111,2.3808485160967994,1.0
-1.7131803542675033,-0.15521012627810626,0.0
1.4436681008348977,2.5611491739943344,1.0
-1.6464305458213828,0.1479395348920996,0.0
0.8357678367311714,3.6378279652062457,1.0
-0.6734093688155731,1.246493417825983,0.0
0.9771963903033861,3.6902356123489937,1.0
1.0216783126951057,0.5261964811437994,0.0
-3.2382492910682856,0.9988386881599501,0.0
-2.0052502057959467,-0.24603978815306823,0.0
-1.845933146836262,3.447413141166196,1.0
0.2593311010188599,3.2227992458970838,1.0
0.08992024309119229,1.147024256530504,0.0
0.9616164578420617,3.5309806723405934,1.0
0.2112773028934205,3.2143812852415037,1.0
3.0037302731120588,5.255128643871901,1.0
-1.438646373474159,1.2165811433946798,0.0
-0.5369023995813973,1.0422395198585082,0.0
-0.1820701118760475,0.47583469116986227,0.0
0.5653207333559394,-1.5878272808773704,0.0
1.8361975067535168,0.4771604346354996,1.0
-0.4557989222739709,0.642130356338894,0.0
0.7971068724951729,5.017271597331993,1.0
-4.141407785729165,-1.4797433674257652,0.0
0.19437672566583664,5.564660455330234,1.0
1.2478996857215947,3.1151833028450597,0.0
0.7037954446032659,-0.29537255840318605,0.0
3.4697581180017503,2.1048385322449024,1.0
-1.5653724433215628,3.8320953955795707,1.0
0.7521113863694906,-0.4277988417162019,0.0
-1.7417615452386035,0.870110971301724,0.0
1.473553027670532,2.8807030260000066,1.0
-1.3057624773687226,2.88767067957702,1.0
-1.0933077371434052,0.27235120295516185,0.0
-1.8570641805091124,-1.2643465535950795,0.0
0.3545006445934469,4.613401179830407,1.0
1.4135651779364629,3.2326656819537787,1.0
-1.7032534025529138,-0.5710893014623907,0.0
0.12158826477542517,5.6847169583627615,1.0
-0.4709506378435355,2.331218497904357,1.0
1.6744506600435418,2.359448565545596,1.0
0.8256542639221873,2.131009790817951,1.0
-2.6016764980123765,-0.5625057231513723,0.0
0.10074517215917034,4.937509560906596,1.0
-2.3172998613532867,0.10585049860690902,0.0
1.476383809280524,1.65475140120206,1.0
-0.2576948457281072,2.3769953511262285,1.0
-2.2750640854873767,1.4442559284680472,0.0
0.9362148937652206,0.47047273456245575,1.0
2.4531544604051403,1.9810463582227407,1.0
2.2061636133653053,2.6549042061507784,1.0
-0.8307539240020085,3.19059972453376,1.0
-2.131605239395262,-1.8801245615179776,0.0
5.965322721730477,1.9721547870033511,1.0
2.0513119887975724,2.4462927291638277,1.0
0.2054908764263189,3.1401008829177224,1.0
-4.21955065719284,2.6068558749356567,0.0
-1.055692566027013,1.4526444319761351,0.0
-0.2916292616391092,2.403762574408093,1.0
-1.210020186087672,-0.4628971086591563,0.0
-3.2658100322672157,1.2095830405035812,0.0
-1.5357204447723738,-0.5729959437813813,0.0
1.0438386773256725,2.9478313866569072,1.0
-1.0477444586421816,-1.0922076438143888,0.0
-0.6447823201716492,-0.2017571048764982,0.0
3.218020123363033,1.5430886456110087,1.0
-0.9495754797444366,-0.7778255955457325,0.0
-0.11106705825203678,1.7677599660128496,1.0
2.042048834353441,2.785160798706966,1.0
0.1506517460662733,2.4877563350816643,1.0
4.065307031838721,3.8606738237822764,1.0
1.747939520073495,4.085264181345575,1.0
1.2411405558875417,1.10339571702092,1.0
0.7607071781489487,-0.2889546572963631,0.0
-2.121689368870676,-1.7722984488428024,0.0
-1.4355640816862776,0.1621725838127934,0.0
-1.4896719500231292,-0.2909035047144191,0.0
-0.38082397205116736,-0.4469748480338443,0.0
-1.499581344475503,0.565863019407054,0.0
1.8040270703668881,1.418806094879017,0.0
-2.617904616505955,-0.556603776379178,0.0
0.4735152980368693,3.5075597555630322,1.0
0.7348343321422153,4.320683006085034,1.0
-1.8329485163672072,-1.8169109205501428,0.0
2.70776329192951,1.75089904617342,1.0
-1.7183210935529003,2.036720844440919,1.0
0.6395683805304244,3.2828681420707455,1.0
0.12327205334586844,0.23318439153174872,0.0
-0.8664287261631485,-0.5731679241779275,0.0
0.12701522409311128,0.4724138516683472,0.0
-0.04453101220972644,3.4311340953506533,1.0
0.7182986431817688,0.12184136770558328,0.0
-0.42024863626889775,-0.48712945039546307,0.0
-3.5130495136289346,-0.7104184754781068,0.0
1.6741706701171961,2.08758855066177,1.0
-0.8817411738766519,0.48645939580663966,0.0
1.5529577237459884,2.071519207949557,1.0
1.6551404312116773,2.2616843263429143,1.0
-0.235498706347524,5.16385616128633,1.0
0.6728738747903348,3.055554214679618,1.0
-1.3609198177236597,-1.0608019653884273,0.0
-1.16579828691627,-0.4076493419344215,0.0
2.372095692435815,0.988774970703769,1.0
-1.8449299402697013,0.9181171739681825,0.0
-3.399815061762288,-3.6542210399131396,0.0
-1.60201074653687,0.35093466346485364,0.0
-2.239442116012215,-1.5973096393605046,0.0
0.8421959056938004,4.702592965518855,1.0
-1.3209060789619833,-0.5990606586583812,0.0
1.4559310325876293,4.194481291017711,1.0
4.077788403008033,3.2895705257042147,1.0
-0.3836678268255178,3.5331672156668894,1.0
1.694469028280246,4.116426940203311,1.0
3.9994472624590918,2.70733545462435,1.0
1.9597883736996642,1.1420251154070957,1.0
2.2146363583367954,2.1485243454824476,1.0
1.1904335631057534,2.334957894843691,1.0
1.2537955332551252,0.9317633785476529,1.0
-2.3112375927987223,1.3165354777279283,0.0
-0.1961165739367099,1.6298127974974472,0.0
4.441685194038753,1.8404851026734075,1.0
-1.8135724451279582,0.6197814244727685,0.0
0.23640976388648038,1.599311876024434,1.0
-2.4629128157610176,0.5481586287158839,0.0
0.9748347745711134,2.2668060154286995,1.0
-1.1601179014465222,0.4196988175924019,0.0
-2.2440210869092216,-2.657960390972174,0.0
2.811031535892721,0.7043907981217958,1.0
-3.1300230379099743,-0.05509685603338914,0.0
0.8095634989680521,3.263999322802304,1.0
-1.5939525332562332,0.9625767725336295,0.0
-0.3412335706764962,3.504477388306096,1.0
-2.1114328727942047,-1.4013043686893416,0.0
2.491619752262322,1.7915698224939953,1.0
-1.710621128535358,-0.797548008399595,0.0
-2.558648342634246,0.1923876521767461,0.0
1.6860904520602071,2.643773462015534,1.0
-2.4167433244209295,0.7772373339404567,0.0
-2.2235397855053325,0.8986389061650205,0.0
0.30189031172691716,2.7394067673925098,1.0
-1.1336654027751745,0.5054346231529625,0.0
-0.27409356001506446,3.279229527956021,1.0
3.088178405345138,6.592646091921495,1.0
1.3024657920786245,1.8042582627476764,1.0
-1.2753390298671197,-1.2165467988287382,0.0
-0.7858474643112033,0.62236923562765,0.0
-0.5220146479453063,2.0914711174403093,1.0
-1.1164463169140009,-0.32005015673857556,0.0
-2.9514765050044725,-2.7890542858656038,0.0
-1.407003023750783,-1.2661162548530742,0.0
1.561187751841499,0.5761288661087143,1.0
1.206895048957892,4.830766606817442,1.0
1.5854425732885387,3.048286306703328,0.0
-0.5302973681849721,5.44256929954733,1.0
3.5996087385825595,0.9006794705952281,1.0
2.714634703084031,1.3200740435406964,1.0
2.7172850463606455,4.047573739224845,1.0
4.546710624171167,1.8913322740005358,1.0
1.651007073331738,3.1902961834361725,1.0
-0.8798121636098282,0.9877985272932645,0.0
-0.9768194084531738,2.4321479615516015,0.0
0.7847030436681229,1.3535868605222554,1.0
-0.010452877485261913,0.530333707507719,0.0
0.6993233293424996,2.6833432549558665,1.0
1.8161220683537178,2.740188758162729,1.0
1.6718273733067075,2.207263246115269,1.0
-1.852535450186946,-0.5012088470405717,0.0
-1.3378610437603329,-0.8340277699270028,0.0
-0.23075483582140421,3.1370503033657506,1.0
0.37961132881134985,1.49137050733763,1.0
-1.4979074765978961,6.455018490156373,1.0
2.993549638844107,3.1197753506277066,1.0
-1.676449021111445,0.19746391751237385,0.0
-0.022232884770883032,0.8580941515236963,0.0
1.369140325138187,0.5540242366175891,0.0
0.556008134868345,2.4028252290483403,1.0
0.5167783764920516,2.536888564240734,1.0
-0.12949784497693728,0.47415803569980214,0.0
-1.779518047902246,-1.162706179659502,0.0
-0.39233979762386306,-1.0597688451065845,0.0
-0.2103061131342896,0.030757155737863223,0.0
-0.8787167957325008,1.0092649771986388,0.0
1.5189831887913792,4.478593509789269,1.0
1.6439037311992044,5.039483522137816,1.0
1.2435233856868488,3.4265238919538588,1.0
2.889707273942055,1.023257222802283,1.0
1.5769588045751963,1.8058466091528331,1.0
0.8592120094967394,3.249595795465089,1.0
0.35191607883365505,0.6823433622686841,0.0
-0.10291531870330628,2.0134402566379728,1.0
0.6939828673000923,3.2024605643460973,1.0
-0.134519510280934,0.5267486361900738,0.0
1.6162770900579941,2.9006502043311015,1.0
-1.8447755644057016,-2.0852636206476975,0.0
0.5118793180388836,4.0734327194113895,1.0
0.1315024834284546,3.0760530406289037,1.0
0.5214539128970801,1.2369846419909458,0.0
-0.8638281753941855,-0.2143038957702845,0.0
-0.2723120434646211,2.476532906679915,1.0
1.5677824625276684,3.909834778526409,1.0
3.3552425998288005,1.153700740851229,1.0
0.4282288409243503,3.6593608353060203,1.0
-1.6909630717102702,0.3272859054683345,0.0
3.373083755870425,3.3389071799679675,1.0
-1.9220120731288062,0.06661368756791197,0.0
-0.058202096840989315,1.4643830885739397,0.0
-1.1782252935518602,0.38112049814483845,0.0
-3.318407515206279,1.1334663547407335,0.0
-0.9430953362349759,-0.964675050169018,0.0
-1.713916594953925,0.04516302330826877,0.0
1.8914119191666499,2.836854855718239,1.0
-2.594180055972318,0.34008073751854356,0.0
-1.8398343556211234,-0.23195091907936263,0.0
-2.1182025071885655,-0.9230001707478442,0.0
1.0770477829245901,1.2755150300256624,1.0
1.2567955028702014,2.650676371918895,1.0
0.1498461756680105,2.252190608678211,1.0
-0.05427566545596885,2.6684755097738106,1.0
-0.491277024720427,-1.1656087447253098,0.0
-1.989113886445256,-2.4224812847220254,0.0
1.2874196036893226,2.8117669699979775,1.0
-0.2480830321975035,1.050385443050994,0.0
0.684065773851951,3.4483776515597206,1.0
2.3723296306547534,4.631027795371376,1.0
-0.35077210072657783,0.10568283719235494,0.0
-2.135434225560463,1.2857617362976121,0.0
0.06179823528958561,2.5424442541060555,1.0
-0.04179487684001515,-1.6411946828831747,0.0
-1.259083111604694,2.7673075422681057,1.0
1.898057038539981,2.7876206175407416,1.0
-1.3519397625944531,1.65240572656488,0.0
0.9349930041804475,2.199166218201714,1.0
-1.3186410422708639,0.4479577785861083,0.0
1.6500005287811355,1.5477498152542863,0.0
-1.0304696295379474,-0.13580434492152066,0.0
-2.482027440035397,1.0316558147273924,0.0
1.3154096467167709,-0.3579752925542756,0.0
-3.0133844273626496,-0.6657838735395128,0.0
0.8465127133888375,4.035510180602557,1.0
1.8968176386142097,1.3853478751432133,1.0
-2.3325687007046607,-0.3931400344107352,0.0
-1.579545389494128,1.5764232448245756,0.0
0.7085702871733648,3.190986378477878,1.0
-2.0917472240653847,-0.27644928180157763,0.0
1.4571449014461448,3.3421316703745347,1.0
-2.7076178857032756,2.1469804445937077,0.0
-0.7756031729384787,1.2070569356596472,0.0
-1.305217451706807,0.2196468571954517,0.0
1.8435680572343944,2.677654961835624,1.0
-2.5502344987317462,-0.9279747262697814,0.0
-0.6284530423039535,2.700673224759688,0.0
-0.022636761463725508,4.212411291047987,1.0
-2.586027615204693,2.422905231847908,0.0
0.41116101855284604,0.3846460077581824,0.0
2.2073475790694266,1.7769928692636194,1.0
2.0950313124889375,1.6077868339048742,1.0
-2.623820376917413,0.11927629936979023,0.0
-3.734675842959846,-1.1532549274162982,0.0
-0.7652216495121702,4.777951947764438,1.0
3.2365261242159127,3.295972874013978,1.0
-0.389641281281768,-1.2031549753284774,0.0
-0.7243856615079034,-1.2738101066828305,0.0
1.2406204251638393,1.45263499333784,0.0
0.7796070810982618,3.896222018110577,1.0
0.7626606161812586,3.060988478239243,1.0
1.2803590404280996,0.6253268496101994,1.0
-1.699835390593797,-1.0189595237019802,0.0
0.9231942362376805,1.1890977322809773,1.0
2.1014478936518404,2.5649629373710083,1.0
-1.6223729738446737,2.0231319467526996,0.0
-2.6471164627237833,0.3000329759440747,0.0
-1.5034894089946862,-0.4046536292645465,0.0
0.9542148349598143,1.8301773486390265,0.0
-0.029631379905666,3.226131154538876,1.0
-0.9874358342819105,1.1393269245672215,0.0
-1.383337734546069,-2.814819555108078,0.0
0.8579269435278123,3.02502018029171,1.0
1.0794703904375809,2.2937223091304952,1.0
0.1484765603765965,-1.0972007926905227,0.0
-0.9110013416201064,2.633548898893916,1.0
-0.3715503096268624,2.6805122432087027,1.0
-1.476760887464689,-0.9025017835241543,0.0
0.27391414100157274,2.7803901052585838,1.0
-0.33144138847225724,-0.5581385006864356,0.0
2.698301872159331,3.596281065428046,1.0
3.2626583604264114,2.3637092698100193,1.0
1.0978057029335977,4.825540335167563,1.0
-0.3658558395887528,1.463548556751888,1.0
-2.4564864711038896,-1.030655206154964,0.0
1.0051587188887285,0.7941782867407547,0.0
-0.8025754734704724,0.8246078415851547,0.0
2.5656133103579988,2.4916777269755683,1.0
0.16958418230480743,2.4267625961318653,1.0
3.2766731052546785,3.8405937285443184,1.0
-1.351030209712627,-1.5727641836133048,0.0
-4.159616245506814,0.0032855234772435145,0.0
1.0434973303827435,0.8601093728657316,0.0
-3.029835190856846,-1.3332170725431551,0.0
-0.5267845408071831,-0.31193220833240193,0.0
1.3364256193994253,4.66729465705556,1.0
-1.88939736302509,4.280979322709197,1.0
-1.2386083089359452,2.881797809172162,1.0
0.9330312796165037,3.5011955478092953,1.0
-1.7162829898464853,-0.49694551153286776,0.0
0.24235416421165534,0.8598277091394086,1.0
1.0374485605426946,2.9883078126818674,1.0
4.787471362797418,2.1607533929468112,1.0
0.10741801305932852,4.249535135663624,1.0
2.1200705941025437,2.2239840594837887,1.0
-3.6755324717242717,-1.7569042989765375,0.0
1.2542502005875835,3.2416809591035025,1.0
-3.0541366956976015,-0.5349789431336135,0.0
-2.3470238454435224,-1.6578404075130768,0.0
2.2677952487615185,2.651367372923618,1.0
-0.28754654440140226,2.2172229923868487,1.0
3.659795644218537,1.0075084672050159,1.0
0.1785105981826356,0.03225511847842022,0.0
0.3352380820386385,4.150679231007235,0.0
-0.4504914615608102,2.5197469796590384,0.0
3.336408556672363,1.891211132318746,1.0
-0.5530667944251018,3.4989647123058547,1.0
-0.8604049235201952,2.2867849526668085,1.0
2.8854238007137614,5.4978448554313015,1.0
0.5107254238487573,-1.099079851288762,0.0
-2.0954358869174525,0.6546889505618364,0.0
-0.8339539964105509,3.0144683751998818,1.0
2.11639172886437,3.0267170118502524,1.0
0.06638338156437351,-0.04103921298698186,0.0
-3.523572460236559,-1.251964261321694,0.0
-0.5029794292020178,-0.6205159366655124,0.0
-0.8270963511922262,2.492323906826214,1.0
2.8836443846958826,1.9271858599840739,1.0
3.831220781734408,1.8479895619149187,1.0
-0.6765730559139744,2.8750065959647406,1.0
-2.156050155943092,0.7336190150936103,0.0
-0.8468242256656389,-0.5638704510055844,0.0
-1.8245392458459984,-0.9680408877706919,0.0
-0.605178502659196,5.719142788145318,1.0
1.3337340337390946,4.209814074441342,1.0
-2.689815410604652,-1.3153503098115742,0.0
-0.9471653430297227,1.2958131014900824,0.0
-3.199038547148753,-0.8420338351543498,0.0
1.5583496751546329,0.15968298517882218,1.0
-2.876284448851719,-0.5238964265094368,0.0
-3.811189785569386,-0.7316855062865114,0.0
0.06180226881416284,0.48966513449843513,0.0
-1.6814260184051792,0.6778493677003566,0.0
0.2469714255820561,0.8528239520541945,0.0
-0.20648879344376936,1.3276066230611674,0.0
-0.987446480875034,-0.2247065297288772,0.0
-0.16175576442810558,0.3884264706144965,0.0
0.18494132501931815,2.0315354492349753,1.0
0.33765816394328785,3.7166953469672803,1.0
-0.9950232728075123,1.2712809269824095,0.0
0.7207049198201716,-0.8592269323746681,0.0
-0.2033989101138891,1.1669975589336572,0.0
0.697892658009951,1.0468148083823825,1.0
-0.5144868053041769,4.553052299446165,1.0
-0.9817853543132786,0.8694943687809465,0.0
0.6805569945935176,2.1048289059164715,1.0
0.8215155793478921,2.0159985625639942,1.0
0.7020817704765072,1.5470605850140522,0.0
0.4704878112931731,2.9884792047198006,1.0
1.164124276188666,1.8628724791959699,1.0
-1.6686382871539052,-0.8288687185757051,0.0
3.5742338014582122,1.315853056691693,1.0
2.299258114081557,1.166186067080773,1.0
-2.9162298049057367,-1.7553188363452332,0.0
-0.46828761017512743,5.803668583762997,1.0
-0.023480247533720355,2.846331663852764,0.0
0.8128789655265006,5.318632601025161,1.0
0.8995007428638309,3.3564785535181896,1.0
0.05343110843145338,0.8165662884729797,0.0
-2.5585324632245117,-0.24939978733861726,0.0
1.5938710945464425,4.362368066270913,1.0
0.4841714572809366,3.2502706175060188,1.0
-2.5635316306193143,-2.1559681470746153,0.0
0.743177406742975,0.9751631637212779,0.0
2.2918131948222156,2.4660976409052346,1.0
-3.111966506029723,1.8595889636218605,0.0
0.30182610642630414,0.5221610117425566,0.0
1.0010926339799409,2.350091513319952,1.0
2.510746904295618,2.87138527929596,1.0
2.768384573426216,1.1604426206209684,1.0
-0.22540765839790433,1.8851464552053405,0.0
-1.3049850622770336,-0.5241913907353692,0.0
-1.2277555182741722,-0.03342116682088933,0.0
-1.2522169383804573,-0.002427382456916683,0.0
-2.5100924323704694,1.73754022847716,0.0
-1.8445787003345768,1.6473513137799067,0.0
0.25370971844715373,1.3886884404324678,0.0
-0.12072031346002143,-0.29743932111248683,0.0
-2.5903653500375277,0.8962775956075741,0.0
1.930745596595665,0.4031687363896374,0.0
0.520651146721566,3.4683858892204786,1.0
-1.4171933092777969,-0.5502198664500652,0.0
2.677517141862567,3.490712444617674,1.0
-1.4964192339500368,-2.1456608304870697,0.0
0.1288244970600132,-1.3873479380231917,0.0
-2.0741003365255235,-1.318708582648166,0.0
-3.390974294219175,-0.8978265729352914,0.0
0.9395868225341429,4.067081386386466,1.0
1.5202987726396566,3.2859579408802473,1.0
0.9988900236653042,3.0414292291390335,1.0
-2.1155597844663414,1.1921393909383664,0.0
-0.8216656865977694,3.941472319652853,1.0
2.91136521252961,2.0080635662668014,1.0
0.9856552741314839,1.0247955097042933,0.0
2.068293264197963,1.4719229634482245,1.0
0.20504034043837627,2.076857144584771,0.0
-1.7231080591088253,-0.668966435343579,0.0
-0.07603215252894224,1.185849907521283,0.0
-3.1859482685932528,0.897517539841765,0.0
1.9950859438525912,4.07558141882416,1.0
-2.1137934905503593,0.3605780768467463,0.0
-2.0645736304096785,1.5305888783911017,0.0
0.3922126964601156,2.92706330339413,1.0
-2.347464530024965,0.007585202314529688,0.0
1.5742013829217134,2.357791733461892,1.0
-1.413407788578718,-1.7397458516109907,0.0
0.9063855936403293,1.0206547730874898,0.0
1.161208696738374,2.65081660926323,1.0
1.3983528159688159,3.8759576953092676,1.0
-1.1223684361085071,2.7635977797156137,1.0
-1.968676613087463,-1.4642944313910893,0.0
-1.313315355730316,0.27947768255724675,0.0
2.703691797650852,1.9092356053472108,1.0
0.17152014354148082,0.29850121174871946,0.0
0.7054256399730454,3.7803515609622647,1.0
-2.652201260451731,-0.4727065822865062,0.0
3.011958031860604,1.7411405592867133,1.0
-1.909878926917736,3.7705181977134337,1.0
-0.906506574050497,1.382310480607328,0.0
-2.7745655046136166,0.7456321521301498,0.0
-3.0796806433236927,0.2792013069187467,0.0
-0.4802958668602836,-0.31684503057719454,0.0
0.6385944671595851,2.4047344760834894,1.0
2.3910160642745524,1.2093688676099863,1.0
3.593059712035066,1.6437126504275843,1.0
-3.239264234331438,4.615680069189929,1.0
-1.6101901748519531,1.707898990446649,0.0
-0.36461875137744504,5.67266472647645,1.0
1.7347388475343397,0.4594446964847485,1.0
-0.616645978683831,2.315836667594397,0.0
-2.762927239801977,-1.1932321448077794,0.0
1.6289534724135495,2.420730616301917,1.0
2.793641387899058,0.3838060845580564,1.0
-0.5228649751514685,-0.8342258318147121,0.0
3.780216158347227,3.1340095807358628,1.0
2.4084575972886944,3.8731347365100754,1.0
0.3904577925621223,0.23806655357862017,1.0
-2.0962735819359346,-0.6328542250979976,0.0
0.765727381469506,2.794112788713499,1.0
0.2552272406691183,0.7429088025861436,0.0
0.6757466103876191,3.5847593676994483,1.0
0.1086807542863355,1.2700924608708524,1.0
0.19602220429321626,4.176011896682339,1.0
-0.37885735219234484,3.35104882217882,1.0
-0.705312522855521,-0.22207355002975807,0.0
2.6832509627334735,2.7862643842184536,1.0
1.8496536935218215,1.0821247326112806,0.0
2.2362771621814073,1.3818723260935868,0.0
1.1156738394723578,4.263466219772557,1.0
-1.7225928158412787,0.8227236259040551,0.0
-0.7787143741996443,1.1171073631662842,0.0
1.7287069687155339,4.327444966101101,1.0
-2.282344032250184,1.467314731030784,0.0
0.002853167554998981,4.631330735273964,1.0
1.3498024374834117,2.3688508301959748,1.0
0.2059864766211843,-0.44576841475265744,0.0
1.3963079948477894,3.0862011911673646,0.0
-2.7860688262509625,-0.4748625766230514,0.0
1.0041516643507813,3.343481695206772,1.0
-0.6098695079004768,1.7824886924981131,1.0
-1.1368561943238693,-0.67754417419455,0.0
-0.4651479100562437,3.2923738300750807,1.0
1.3751362729511611,3.18373624920052,1.0
-2.8156639599653994,-1.531197010675934,0.0
-1.5706262739405508,5.21193740707554,1.0
-1.2347808828373397,-0.42546912550215116,0.0
3.9744732773816347,2.1441397873973287,1.0
1.8791503766545228,3.388203128282202,1.0
-0.1832892401509716,3.0120968647002067,1.0
2.628564976132467,0.5133063387551644,1.0
-1.3945651034474398,3.5962508357619556,1.0
2.8824052818977406,2.143247342926138,1.0
3.811720358498711,1.6771669465251626,1.0
1.452644492479096,1.137262767994875,1.0
-1.8422274752153263,1.2701654545748553,0.0
2.6399173008863484,2.82765584619241,1.0
-1.6871457828288037,0.3865396014862752,0.0
-2.27051018685841,-0.1904643074746295,0.0
1.328914552860229,3.368337884991626,1.0
-1.3882042675511956,0.4359597085953517,0.0
2.4617721419213323,0.06687690525887513,1.0
-2.665465840559655,0.625831066552956,0.0
-0.7874222619173294,2.1401925046387293,0.0
-1.248521000557772,0.11329853174288199,0.0
2.3755193120274525,2.6154419945701934,1.0
2.382326146997377,5.245083027766217,1.0
-1.0848204810839819,0.6364898709148343,0.0
0.4800142928946264,2.6907038176094735,1.0
1.1391166895677147,4.126970861249489,1.0
1.9344900774840648,2.4888204331413606,1.0
-2.1325608973699874,-0.06608097569996098,0.0
-0.3177584550937962,1.1088392028561955,1.0
2.702413491747887,3.5200240296207554,1.0
-1.2845791089880711,-0.14669195281808045,0.0
-0.11783353538744645,2.7050595784444824,1.0
0.11424853046551697,3.274848063858958,1.0
-3.5483034884965043,-1.6085471461549417,0.0
-2.4686554272135757,-0.2040416199821078,0.0
-1.1644689683489986,-0.5891513138879454,0.0
1.6157631260880159,3.2005952806850213,1.0
-1.1266723998723323,-0.9072123190280532,0.0
1.8121633127509682,4.069796334807851,1.0
-0.6460325340793744,4.311649987885576,1.0
1.170620120703511,2.389382809436495,1.0
-0.1940348671805754,1.1903582714388699,0.0
0.6404113262414614,2.565528749387019,1.0
2.2746445243763125,2.1297264659304735,1.0
-1.155253145565281,5.591030739377081,1.0
-1.4558879406174423,-0.139955300438461,0.0
0.04328928894582029,-0.14256719405007726,0.0
2.5195752463712227,2.94940632088474,1.0
-1.4295128738245424,0.6858592183524971,0.0
1.7705795957490191,2.5501160298583616,1.0
-3.610743154310705,-0.9259805665358593,0.0
2.1360112405401104,3.0465428987873038,1.0
2.586337112100495,0.14232276182268278,1.0
-0.7591980020979592,-0.6479837298914047,0.0
-1.49610673599426,1.2626650635046681,0.0
-0.9208900402137361,1.02584870792936,1.0
0.8342267845532387,-0.7374104659727333,0.0
1.3361996299031988,3.5544787780028093,1.0
1.7888311695121675,1.498663727570585,1.0
1.883966380618882,1.4071090873350198,1.0
0.134276959640512,0.3199488548799912,0.0
-2.723388927399541,-2.5682873641449446,0.0
-1.2632332984849863,-0.24583657480194082,0.0
2.1493749560896287,2.574324260415268,1.0
0.944226028998133,3.0136198961687493,1.0
-0.5745116795340695,-3.243612834244026,0.0
0.5100857311363356,1.5934295572250186,1.0
-2.6967758885549538,-1.4908455551392708,0.0
0.8519772824802321,-1.5211621996915685,0.0
3.568809235944369,1.0996652104321132,1.0
0.28474149173055696,2.7846214579689113,1.0
-1.0313711267399226,1.2264190115743927,0.0
2.7607235058100468,4.348386705806067,1.0
3.2252845468685747,2.0759476026785997,1.0
-0.49094287030858097,0.15523032493730182,0.0
0.1280227423009035,1.2210786174773918,0.0
0.7702593480372311,0.5133022152233275,1.0
-0.3595530977566612,0.4152786270214387,0.0
4.002908613107953,0.3219045084803729,1.0
-0.7722485684317528,0.8200358231484497,0.0
1.3069812899388245,4.479629414081065,1.0
-3.5223077243035927,-0.5771315134800549,0.0
2.5131807993534365,2.514651448770762,1.0
1.688935444383397,1.5220866731420197,1.0
-0.5748482459701088,0.8476025818453311,0.0
-1.3875302184355576,0.6116588940339077,0.0
-0.2265661309851399,0.7556860299682514,0.0
1.3728199201292846,3.5884351655556372,1.0
-2.221936068580182,0.03349108616674631,0.0
-2.3069185660245903,-1.4688137239678343,0.0
1.9988798166195596,1.705206384246103,1.0
-3.667298669350548,-2.153046828493195,0.0
-1.405141606864504,-0.7026306587563673,0.0
-0.12348291705324965,-0.2545506073894748,0.0
1.029031780105943,3.208828085064918,1.0
-1.991334824152974,-1.2828066856642877,0.0
0.4340084251318146,0.8447725627504978,0.0
0.1688396521149571,3.926617301071202,1.0
-1.055011048582431,0.9157792735918585,0.0
1.2514271710582072,3.0956495686124867,1.0
-0.6870718047702503,-0.07219056475347486,0.0
-0.7535105710971552,-0.761202167880328,0.0
0.7357485238758565,2.897433309744828,1.0
0.7794396762204173,3.032153409205165,1.0
2.7404110093253036,1.8649816420434702,1.0
1.7572451470659476,2.190761951704629,1.0
0.8121377822737577,3.0738979099801123,1.0
0.36646773066769633,3.1776599622543085,1.0
3.1950424145331198,1.6571329556687946,1.0
2.6462085238829847,2.015926756614946,1.0
-1.58854925529678,2.032066436753766,0.0
2.4097238116852915,2.4617362600246158,1.0
-0.43342392384040196,-0.6572084146641158,0.0
0.3736883568789672,4.097383772782928,1.0
0.856889782508891,1.534394843338273,0.0
-2.6386084814020845,0.1095303446725634,0.0
-2.9208581713085144,0.6188996528575069,0.0
-1.3203839901309675,1.3091778805384606,0.0
1.0065385818317585,0.4708368116342095,0.0
1.1045350052125462,2.171675276686351,1.0
-2.823715971138488,-0.7914554630528188,0.0
-1.381599271915938,3.4691377617846886,1.0
0.6150089935426456,4.1898820082049335,1.0
-0.30000750712603375,3.2573729604534782,1.0
2.065564759228945,3.2748037726344434,1.0
-0.4877313026588239,1.5038928428351133,1.0
-0.8633665344719084,4.359567814643638,1.0
2.038527760237198,3.7958561773787256,1.0
2.18546580534794,1.690621957363511,1.0
-1.2716044995195008,1.2895498155928689,0.0
0.5779981043121867,3.470587490869792,1.0
2.0206091479268387,2.234652222327604,1.0
1.5018367189763662,4.3575425328369635,1.0
0.38936296247925684,3.065631230744956,1.0
1.290710132417289,4.148660133264825,1.0
3.013120101147149,3.0034652083122464,1.0
2.5556661338921187,0.7285730007454667,1.0
0.6992870948980797,2.0494055984721937,1.0
0.005192397404749194,0.7553212970340297,0.0
0.5357998059153953,4.44894645467569,1.0
1.556206093059948,2.969014923580053,1.0
1.3173706465156052,4.65406270614142,1.0
0.9801503666917807,3.717817128918873,1.0
1.0358714371539024,-0.3866553208975705,0.0
-2.1096482825606024,-1.0842661321678015,0.0
1.346780761983294,4.317700987675098,1.0
-0.844124909645527,2.856392851781535,1.0
-3.3319388295013344,-1.010194110247374,0.0
1.4207389297430486,3.721725518886205,1.0
1.9999297861998884,1.6645884837242997,1.0
-1.7068776885240942,-0.872020749694355,0.0
-1.9013528820285597,-2.106286680955648,0.0
-0.5174283608539674,-1.288710615590718,0.0
1.4341092000861708,2.617182736750479,1.0
2.6899629016348436,5.256429184748605,1.0
0.8637736712482094,3.538287429509147,1.0
1.3524834745000227,2.316204300627366,1.0
-0.9134737105086417,3.9461920220549582,1.0
1.9590987047898314,0.4845525351342097,1.0
0.9802874269404165,2.6825530744787764,1.0
1.5023974110051466,3.313865781599895,1.0
2.3705679917228193,1.4052639214386733,1.0
0.8292560030800866,2.295773804925113,1.0
2.6066845992654994,3.8230123168213894,1.0
2.133327989891024,2.7590700257162526,1.0
1.8272731766060755,0.21486889192810832,1.0
1.4561414046375767,2.3292206072173287,1.0
2.086898926255956,2.580422043639725,1.0
1.8987510285900975,-1.3448840450620716,0.0
-3.219525828605878,1.635564577567379,0.0
4.886827945594277,0.3002649345886006,1.0
-0.2621503901781066,3.7770598259998653,1.0
-2.5427218738561175,-0.40965303858812363,0.0
-0.733752663298967,-0.889816252053136,0.0
-3.7804943066507217,-0.7135859522883239,0.0
-1.4393202557174167,4.436725362275176,1.0
-0.03926678237329306,2.50590574377385,1.0
-0.34562015615436414,2.4395347179887708,1.0
0.7511012468818062,0.8738134384009388,1.0
-3.8154871885864585,-0.2637894517532761,0.0
4.108595484393054,0.3830354349730878,1.0
-0.5677975767240546,0.043571576899887186,0.0
0.8037565543717466,4.46526853179154,1.0
-0.24248379977952683,1.0552582429525197,1.0
-4.402591110303223,-0.943463312561953,0.0
1.7528670351614992,1.2807438967688165,1.0
2.1348757628573622,2.744974170234734,1.0
-0.2580346116227249,-1.1081655949696898,0.0
0.9873413208775877,3.587594291027095,1.0
-1.2052034626455599,1.0994527316080052,0.0
1.761951998799784,1.840087064562676,1.0
-1.0878209636359288,-0.8843378730913121,0.0
-1.948617406206975,3.645610644436006,1.0
-2.0496411550307054,0.5383132043479456,0.0
-1.0687996324485747,1.1436636751261675,0.0
-0.8365897857004951,1.8223924544054535,1.0
1.3729963756354158,4.129204165684532,1.0
3.5238921703035624,1.4284518471560521,1.0
0.11126310308930232,2.003175895867051,0.0
1.3937783291878352,0.4963586626319745,1.0
1.2351505787464436,4.367535380499625,1.0
-0.17737587314859882,2.4447954461161165,0.0
-2.5400865025484913,0.34633562143265023,0.0
-0.2713697630489784,0.8360535620406822,0.0
-0.9704827688893389,-0.03833414565764784,0.0
-0.5748866851652962,1.845117287439853,0.0
-1.4913909672293588,-0.41770498845691106,0.0
1.7680086634384482,4.004604657567545,1.0
-1.6419948331968086,3.899640017834626,1.0
2.3174285823131635,3.126105310221859,1.0
0.2956919195762632,1.760502286967399,1.0
0.5651613286234822,-0.33716826529372945,0.0
1.6895713561614625,0.8839542309052868,1.0
-0.8988926304902677,0.06781664190000959,0.0
1.143682919699688,1.2879327242885257,1.0
0.6822515738641919,2.4333398308888112,0.0
-1.1498408538163345,1.732354220400595,1.0
-2.6305837526221514,1.0764286028976402,0.0
-0.5842554756160587,-0.7218066895667761,0.0
-0.24681312305743763,0.9423088133677311,0.0
-1.4258124464260749,-0.5014799624598449,0.0
1.1789871040009596,2.8834094373220176,1.0
1.8231432256040148,-0.15237350246244974,1.0
-3.0406342332611977,-1.1838524808518027,0.0
-2.2748398794108082,-0.33218273584022723,0.0
1.149702211782826,3.1603655573852207,1.0
0.51625060938863,1.982046179410222,1.0
-1.7054342051178888,-0.05919254403529752,0.0
-2.8025819038976563,-1.600615344371917,0.0
1.0674580404566154,0.9980510907811994,0.0
-0.759319354919268,0.5125392496803256,0.0
2.941792464191109,2.9938907519806395,1.0
-1.1624262418103375,0.48949527801904685,0.0
1.6959764460423155,6.084184809586979,1.0
-3.554464320847191,-1.792871226001931,0.0
1.2596383754827736,3.350297840890527,1.0
-2.46176005955516,3.5659903299280433,1.0
-1.9011722798666733,-0.309287580129778,0.0
-1.9615314872789678,0.3987150533727786,0.0
-2.4166650996251304,-2.2363757746505333,0.0
1.5462588659132415,4.513643741153329,1.0
-2.032992434188912,0.13639142338229385,0.0
-0.6131828500345812,1.6704067823482245,0.0
-0.9445758614283266,1.681941287596299,1.0
1.6305854044379622,3.3649038384251533,1.0
1.6743991940725673,2.6479279582995705,1.0
-0.21125344597775064,4.647093185790054,1.0
-1.2353337087878549,-0.15501231281031097,0.0
0.811948246405453,7.205597116850501,1.0
-1.486125781950946,4.095666694739869,1.0
-2.9122534512301455,-1.928183916989689,0.0
2.3049377610699864,2.749313805337409,1.0
-1.0036086073658768,-0.4954174379933519,0.0
3.071469677832493,2.4932852517890893,1.0
-0.30463155293496313,0.3232196214571928,0.0
1.559563252885716,0.7418244207559419,1.0
0.8094483718830208,4.041308455372312,1.0
-0.4716988086657238,-0.9239742287681649,0.0
-0.6187224644280647,1.3562343750719428,0.0
-3.276527238600866,-2.6100716915805204,0.0
-4.401875551403708,-0.5113973818836883,0.0
-1.3286664298804918,0.8241317120339584,0.0
-0.032619642715380426,0.9909408128875319,0.0
1.3215635210865404,3.014952242293019,1.0
-1.6324128624292398,0.8902118591447904,0.0
0.9570939826918099,0.6819498467192341,0.0
-0.22904991124927765,4.27777769152403,1.0
-2.2421889703808207,0.13321262000230608,0.0
0.2052644825101959,3.4764546969529277,1.0
-0.9864047676436943,-0.44871695016139346,0.0
0.9690377008212159,1.3103091382916827,1.0
0.9572124404216509,3.6497770181606453,1.0
1.8834326029223543,-0.19711726624716341,1.0
-0.5936937948389251,3.30413277598388,1.0
3.4175376129701673,1.0592270789606502,1.0
-0.9715988619302992,0.4607170925727697,0.0
4.011998513391553,1.7020838079015685,1.0
-1.2464436113317376,-1.126837716888543,0.0
1.6430045017738741,1.4647047491475456,1.0
-2.03403979722344,-1.3945545043731158,0.0
-2.621668428306103,-0.13806060203433204,0.0
-1.2355898147463198,0.03274931036837606,0.0
-1.5364754765305277,2.4334403665222113,0.0
-0.17243224731964357,4.235721693134749,1.0
-3.1518951855202597,-0.656563672726097,0.0
-1.025169152629429,-0.45916253719805755,0.0
-1.9094305655309975,-1.5290774386144939,0.0
2.910324902814384,0.3884979841293097,1.0
1.1015620878449786,3.9845196565969268,1.0
0.3197487317557437,4.254662268130277,1.0
4.405351460776051,0.678485554172148,1.0
-1.8452165873196782,0.039897481921382545,0.0
-0.31363400286688514,3.844109891876487,1.0
1.916272006076094,2.4687573152041082,1.0
-0.32533915918625156,2.787001996880487,1.0
0.3669541108944051,1.559637381079469,1.0
0.24545556828072523,2.9642616055660325,1.0
2.7038658780130325,2.4862670638691045,1.0
1.569710568535914,2.523985975631372,1.0
-1.3418470493744887,-1.5599120818721748,0.0
-1.2260904126149128,-0.8516419521774058,0.0
-0.9537978300936055,-0.07021563267266902,0.0
-0.12422112839377242,0.21643008450360987,0.0
2.082672300208502,2.579464660292571,1.0
-0.0521945328357889,3.4185219218313696,1.0
1.531625322510471,4.181814681763489,1.0
-0.2459669548650827,3.0156919374009465,1.0
-0.2302547408560568,1.3788456300767724,0.0
0.8545147204623205,4.832882155814584,1.0
-0.9830853264934041,-0.7995906870128455,0.0
-1.3293478760207105,0.32263611119301483,0.0
-0.09623573950343833,4.894922779745893,1.0
0.35913033266700745,0.15185278872918762,0.0
0.579919598192848,1.6518929622246823,0.0
-0.06842447003945251,1.367614388396692,0.0
-0.14682119479842282,2.7932042386411693,0.0
-1.0802645487167577,-0.45982530162069235,0.0
-0.9567281231462909,-1.833377265971749,0.0
-1.227666995126094,1.631852178366622,1.0
-0.8667381145414785,-0.6123559248145686,0.0
-1.664164898627898,-0.3935863294232925,0.0
-2.1837825599963137,-0.5472970516503208,0.0
-1.7168833164622974,0.676869736432768,0.0
-0.05232128103806688,2.6058365155963705,1.0
1.2009454242032638,-0.9498787066561079,1.0
1.1307561127344088,4.026587704209278,1.0
1.9864569990185996,2.485419756247736,1.0
1.698872911552564,1.4801605614653128,0.0
1.5064134722431586,2.181382321626308,1.0
0.37414153681534157,4.105670357552405,1.0
1.7305006764772517,1.0604824305842395,1.0
-2.4226161354990783,-2.431716944938373,0.0
-1.371070437649765,3.465207672343606,1.0
1.4371929187369006,-0.02010181608902051,0.0
1.2773183664564536,1.234967628927361,0.0
-3.2944053858970745,-2.676797714792379,0.0
1.6627016217069686,2.9797175234064346,1.0
0.11610366080295331,2.6536357712523815,0.0
-2.2144859163477513,-1.6385299436403866,0.0
0.7064387232334927,2.9616945597913547,1.0
1.7424999402412706,1.8627760188228666,1.0
-1.4620985456322837,-0.9438833804239715,0.0
-1.3123804151059193,3.325517920818348,1.0
-1.2979794922109607,0.2370557689128829,0.0
1.0505332119764246,2.3605555961682216,1.0
0.8496117968913584,2.692236512026738,0.0
-4.284604225914766,0.1765713614449499,0.0
-0.12311683671793872,0.21311795699598593,0.0
-0.8745062580086577,-0.13385031935878833,0.0
1.1482500611906978,0.24040203236131097,1.0
-0.7913304307730367,0.5691748539657866,0.0
3.3036580044710657,2.870767294699186,1.0
-2.7453555637822333,-0.878742352444325,0.0
-4.651407130546655,0.1803718579534384,0.0
-0.11403657406887513,2.427863464480634,1.0
-1.6886433005758996,-1.1062895672756987,0.0
0.12348072523736442,-0.9809121138486581,0.0
0.6600032098083259,1.997545630173267,1.0
3.7248819980161105,0.0500286621975361,1.0
-0.6804196816791862,-0.07730052591641604,0.0
1.984145819550802,-1.214956955626219,0.0
-0.2144327954965708,2.0425799165112917,1.0
0.5337770957359591,1.7133740083154783,1.0
-0.06238887425951001,0.8115183340491099,0.0
2.5403621779667724,0.4471320859955541,1.0
-2.0093830032704876,0.8651949410991728,0.0
1.419330315341289,0.8757575162381721,1.0
1.1008206406739272,1.6470398303533589,1.0
-2.0454961872452375,0.4057262111604698,0.0
-0.41028182083589715,3.6554305281141897,1.0
-0.1771684294905964,0.09394587742422299,0.0
2.394314232984551,3.835203496570486,1.0
1.8933515148430906,-0.41806274043229913,0.0
-2.3406273375824203,0.224996778468295,0.0
-0.09850164775714076,3.9439051976650283,1.0
2.656755915121995,3.6388889060618745,1.0
1.3961924071387801,2.106487134446824,1.0
3.3826302860225974,1.7878750722468146,1.0
0.9399150436783978,3.5287119652648498,1.0
2.1056922731776324,2.0420440810571567,1.0
-1.6469063873891499,-0.6833736849676321,0.0
1.905601421805969,3.9904712012039267,1.0
2.9082059314417354,1.5130392176806375,1.0
